股票代码,名称,时间,开盘,最高,最低,收盘,成交量,成交额
300308,中际旭创,2026-09-28 09:35:00,884.000,888.000,864.500,867.050,3057258,2673111268.2000
300308,中际旭创,2026-09-28 09:40:00,867.050,867.060,852.000,856.970,2214263,1900162694.0364
300308,中际旭创,2026-09-28 09:45:00,857.980,859.000,850.940,853.000,1304270,1113698564.1821
300308,中际旭创,2026-09-28 09:50:00,853.000,857.000,837.770,837.800,2188967,1850051406.3223
300308,中际旭创,2026-09-28 09:55:00,838.000,846.830,836.070,840.970,1196269,1005914300.9805
300308,中际旭创,2026-09-28 10:00:00,840.980,844.000,836.060,836.520,852273,714806188.5906
300308,中际旭创,2026-09-28 10:05:00,836.510,844.220,835.000,844.200,867945,727252414.8534
300308,中际旭创,2026-09-28 10:10:00,844.520,845.000,839.000,844.980,580517,488536846.5093
300308,中际旭创,2026-09-28 10:15:00,844.970,845.000,839.390,843.010,367100,309424352.2754
300308,中际旭创,2026-09-28 10:20:00,843.010,843.010,836.520,837.260,525215,441018837.6333
300308,中际旭创,2026-09-28 10:25:00,837.260,841.730,837.000,839.000,331100,277686265.8906
300308,中际旭创,2026-09-28 10:30:00,839.000,843.670,838.670,838.980,305855,257209827.5742
300308,中际旭创,2026-09-28 10:35:00,838.980,839.650,832.770,832.840,686777,574086710.4180
300308,中际旭创,2026-09-28 10:40:00,832.840,832.840,828.000,828.010,867300,719971511.7227
300308,中际旭创,2026-09-28 10:45:00,828.080,830.390,824.010,824.050,714700,591403818.9746
300308,中际旭创,2026-09-28 10:50:00,824.010,826.940,823.660,824.670,597133,492475722.9883
300308,中际旭创,2026-09-28 10:55:00,824.820,825.900,822.020,822.860,520600,428821417.9385
300308,中际旭创,2026-09-28 11:00:00,822.500,822.780,816.000,817.300,879595,720507659.7705
300308,中际旭创,2026-09-28 11:05:00,817.780,825.000,817.770,823.990,583200,479382706.9688
300308,中际旭创,2026-09-28 11:10:00,823.980,825.870,818.180,818.370,418600,344105074.0000
300308,中际旭创,2026-09-28 11:15:00,818.370,819.980,816.000,816.030,534139,436662396.9172
300308,中际旭创,2026-09-28 11:20:00,816.000,816.900,812.000,814.000,564500,459599612.1406
300308,中际旭创,2026-09-28 11:25:00,813.990,819.300,813.000,817.500,338600,276367299.1094
300308,中际旭创,2026-09-28 11:30:00,817.490,818.370,814.670,817.530,212460,173416882.1356
300308,中际旭创,2026-09-28 13:05:00,818.000,823.680,817.530,819.920,593000,486457010.7344
300308,中际旭创,2026-09-28 13:10:00,819.450,822.000,816.000,822.000,346836,283760101.4971
300308,中际旭创,2026-09-28 13:15:00,821.920,822.000,816.390,818.980,274100,224340960.7813
300308,中际旭创,2026-09-28 13:20:00,818.230,820.000,813.030,813.910,419080,341790009.8154
300308,中际旭创,2026-09-28 13:25:00,814.000,814.000,812.000,812.080,411956,334810378.6875
300308,中际旭创,2026-09-28 13:30:00,812.080,813.990,812.000,812.210,275400,223867219.1406
300308,中际旭创,2026-09-28 13:35:00,812.200,813.010,810.120,811.600,401970,326196584.0117
300308,中际旭创,2026-09-28 13:40:00,811.600,812.220,808.160,808.740,591157,478779000.9593
300308,中际旭创,2026-09-28 13:45:00,808.730,810.860,808.360,810.690,388900,314734271.8750
300308,中际旭创,2026-09-28 13:50:00,810.690,811.090,809.000,809.740,289700,234660663.8613
300308,中际旭创,2026-09-28 13:55:00,809.700,811.410,809.140,810.940,271120,219638924.5500
300308,中际旭创,2026-09-28 14:00:00,810.520,812.000,808.000,812.000,471363,381332358.1787
300308,中际旭创,2026-09-28 14:05:00,812.000,816.800,809.090,816.540,390900,317977618.8887
300308,中际旭创,2026-09-28 14:10:00,816.540,816.960,814.750,815.100,384396,313551536.5437
300308,中际旭创,2026-09-28 14:15:00,815.100,824.990,815.100,824.430,558086,457803948.9238
300308,中际旭创,2026-09-28 14:20:00,824.860,825.000,819.560,820.000,417397,343345649.2253
300308,中际旭创,2026-09-28 14:25:00,819.560,820.990,817.000,819.240,279836,229183189.7354
300308,中际旭创,2026-09-28 14:30:00,818.880,819.260,814.110,815.220,288928,235773558.8047
300308,中际旭创,2026-09-28 14:35:00,815.250,816.240,814.300,815.420,275300,224484158.7813
300308,中际旭创,2026-09-28 14:40:00,815.660,816.880,814.180,814.300,350499,285740774.6953
300308,中际旭创,2026-09-28 14:45:00,814.500,817.600,813.400,815.580,397555,324097664.8438
300308,中际旭创,2026-09-28 14:50:00,815.080,816.570,814.280,815.330,415152,338455332.7656
300308,中际旭创,2026-09-28 14:55:00,815.330,815.710,814.200,814.880,472240,384824915.4478
300308,中际旭创,2026-09-28 15:00:00,814.990,816.000,814.670,815.000,520360,424199823.5981
300502,新易盛,2026-09-28 09:35:00,432.390,434.000,422.490,423.200,3655070,1560335422.5914
300502,新易盛,2026-09-28 09:40:00,423.210,423.210,415.000,415.520,3611365,1512499773.2529
300502,新易盛,2026-09-28 09:45:00,415.520,418.000,412.760,414.180,2094189,869273074.9683
300502,新易盛,2026-09-28 09:50:00,414.150,416.140,407.010,408.500,2566555,1054707009.5184
300502,新易盛,2026-09-28 09:55:00,408.980,410.800,406.660,409.160,1904418,778004363.9344
300502,新易盛,2026-09-28 10:00:00,409.240,410.270,407.000,407.010,808736,330100444.9155
300502,新易盛,2026-09-28 10:05:00,407.010,411.000,406.800,410.890,1044118,426596051.4075
300502,新易盛,2026-09-28 10:10:00,410.870,412.870,409.180,412.800,957917,393334488.2620
300502,新易盛,2026-09-28 10:15:00,412.800,414.480,411.000,413.590,610940,252145355.3066
300502,新易盛,2026-09-28 10:20:00,413.440,413.600,410.000,410.800,448559,184585646.3289
300502,新易盛,2026-09-28 10:25:00,410.800,412.880,410.030,411.380,361620,148713676.5908
300502,新易盛,2026-09-28 10:30:00,410.970,412.930,410.000,410.100,343680,141358750.0332
300502,新易盛,2026-09-28 10:35:00,410.020,410.210,406.000,406.100,810277,330385755.9355
300502,新易盛,2026-09-28 10:40:00,406.090,406.800,405.000,405.000,821804,333360523.6816
300502,新易盛,2026-09-28 10:45:00,405.000,405.880,404.000,404.000,625817,253464172.9575
300502,新易盛,2026-09-28 10:50:00,404.010,406.520,403.500,404.730,648859,262542809.3256
300502,新易盛,2026-09-28 10:55:00,405.070,405.500,403.660,403.840,472049,190991658.5933
300502,新易盛,2026-09-28 11:00:00,403.840,403.930,401.000,402.330,728358,293132133.8428
300502,新易盛,2026-09-28 11:05:00,402.330,405.750,402.000,404.400,691109,279012581.6676
300502,新易盛,2026-09-28 11:10:00,404.400,405.600,401.650,401.930,668893,270118040.3042
300502,新易盛,2026-09-28 11:15:00,401.930,402.960,400.680,400.980,542838,218093728.9189
300502,新易盛,2026-09-28 11:20:00,400.800,400.990,398.680,400.140,1099045,439336757.9971
300502,新易盛,2026-09-28 11:25:00,400.200,402.960,399.700,402.110,557840,223604921.6216
300502,新易盛,2026-09-28 11:30:00,402.240,404.500,401.500,403.540,320883,129237124.1211
300502,新易盛,2026-09-28 13:05:00,403.550,408.580,403.500,406.660,730640,296870991.6362
300502,新易盛,2026-09-28 13:10:00,406.650,407.680,403.500,407.550,416477,168726081.4927
300502,新易盛,2026-09-28 13:15:00,407.540,407.620,404.570,406.010,314280,127580195.2886
300502,新易盛,2026-09-28 13:20:00,406.010,406.800,402.000,402.640,329160,133014138.5410
300502,新易盛,2026-09-28 13:25:00,402.500,402.700,401.000,401.110,330900,132936416.3877
300502,新易盛,2026-09-28 13:30:00,401.100,401.900,400.410,400.680,408879,164010168.6499
300502,新易盛,2026-09-28 13:35:00,400.680,401.470,400.380,400.700,296360,118730939.5488
300502,新易盛,2026-09-28 13:40:00,400.690,401.030,398.600,398.970,753733,301022259.4331
300502,新易盛,2026-09-28 13:45:00,398.970,399.450,397.500,399.350,759420,302320167.2161
300502,新易盛,2026-09-28 13:50:00,399.350,399.990,398.350,398.870,409808,163488411.0088
300502,新易盛,2026-09-28 13:55:00,398.880,400.040,398.500,400.000,362611,144749889.4971
300502,新易盛,2026-09-28 14:00:00,400.040,400.220,397.700,399.210,531878,211833745.2197
300502,新易盛,2026-09-28 14:05:00,399.310,401.780,398.180,401.170,535840,214136622.9629
300502,新易盛,2026-09-28 14:10:00,401.120,401.500,398.880,399.920,511060,204383229.2874
300502,新易盛,2026-09-28 14:15:00,399.500,404.570,399.500,404.450,736840,296135299.9769
300502,新易盛,2026-09-28 14:20:00,404.470,404.800,401.930,402.150,512040,206478729.1936
300502,新易盛,2026-09-28 14:25:00,402.150,402.990,401.050,402.080,341823,137319640.4038
300502,新易盛,2026-09-28 14:30:00,401.590,401.980,399.580,400.100,392530,157173572.3080
300502,新易盛,2026-09-28 14:35:00,400.100,401.080,399.800,400.520,348520,139505126.8052
300502,新易盛,2026-09-28 14:40:00,400.500,401.020,399.800,400.200,477358,191057502.4990
300502,新易盛,2026-09-28 14:45:00,400.200,401.920,399.500,400.490,543305,217619558.5488
300502,新易盛,2026-09-28 14:50:00,400.510,401.030,399.800,400.010,808307,323592444.8180
300502,新易盛,2026-09-28 14:55:00,399.990,400.390,399.470,399.960,658811,263462701.7441
300502,新易盛,2026-09-28 15:00:00,399.960,400.110,399.600,399.700,798224,319121659.1235
688825,长鑫科技,2026-09-28 09:35:00,56.000,56.250,55.370,55.900,11653324,650068416.9180
688825,长鑫科技,2026-09-28 09:40:00,55.880,56.200,55.620,55.620,6422242,359064473.4865
688825,长鑫科技,2026-09-28 09:45:00,55.610,55.880,55.250,55.780,10441148,578912709.0979
688825,长鑫科技,2026-09-28 09:50:00,55.750,56.290,55.660,55.790,6153463,344597543.3118
688825,长鑫科技,2026-09-28 09:55:00,55.740,56.160,55.720,56.000,4200748,235126593.4178
688825,长鑫科技,2026-09-28 10:00:00,56.000,56.150,55.630,55.810,5280369,294894474.1290
688825,长鑫科技,2026-09-28 10:05:00,55.810,56.070,55.750,56.040,2976924,166318943.8038
688825,长鑫科技,2026-09-28 10:10:00,56.000,56.070,55.310,55.470,5350363,297187196.3822
688825,长鑫科技,2026-09-28 10:15:00,55.480,55.640,55.350,55.410,4086976,226648363.7687
688825,长鑫科技,2026-09-28 10:20:00,55.410,55.490,54.800,54.940,10925900,602287492.0079
688825,长鑫科技,2026-09-28 10:25:00,54.940,55.100,54.930,54.970,4671122,256904585.6536
688825,长鑫科技,2026-09-28 10:30:00,54.970,55.020,54.800,54.830,3904790,214461454.2219
688825,长鑫科技,2026-09-28 10:35:00,54.840,54.850,54.370,54.370,8447918,461299259.9457
688825,长鑫科技,2026-09-28 10:40:00,54.390,54.450,54.230,54.250,6590439,358049475.0138
688825,长鑫科技,2026-09-28 10:45:00,54.260,54.560,54.230,54.380,4097985,223019941.1639
688825,长鑫科技,2026-09-28 10:50:00,54.380,54.550,54.230,54.430,5758809,313306894.5655
688825,长鑫科技,2026-09-28 10:55:00,54.430,54.440,54.150,54.160,5917284,321287541.2600
688825,长鑫科技,2026-09-28 11:00:00,54.160,54.270,54.060,54.130,4608318,249508506.3795
688825,长鑫科技,2026-09-28 11:05:00,54.190,54.590,54.150,54.370,4442292,241489291.4859
688825,长鑫科技,2026-09-28 11:10:00,54.370,54.500,54.200,54.260,3656735,198703364.6805
688825,长鑫科技,2026-09-28 11:15:00,54.250,54.280,54.030,54.130,6068792,328516088.7027
688825,长鑫科技,2026-09-28 11:20:00,54.130,54.140,53.900,53.980,7252416,391609838.7450
688825,长鑫科技,2026-09-28 11:25:00,54.010,54.170,53.880,54.070,3750112,202364705.8164
688825,长鑫科技,2026-09-28 11:30:00,54.070,54.070,53.950,54.020,2270747,122617992.7122
688825,长鑫科技,2026-09-28 13:05:00,54.020,54.370,54.000,54.280,3083177,167144793.5503
688825,长鑫科技,2026-09-28 13:10:00,54.280,54.380,54.020,54.340,2633531,142639257.8272
688825,长鑫科技,2026-09-28 13:15:00,54.320,54.380,54.110,54.250,1904206,103342918.1961
688825,长鑫科技,2026-09-28 13:20:00,54.250,54.400,54.150,54.200,2246205,121848051.7469
688825,长鑫科技,2026-09-28 13:25:00,54.200,54.210,54.010,54.030,3190457,172599183.5420
688825,长鑫科技,2026-09-28 13:30:00,54.020,54.050,53.970,53.980,3198191,172708149.7487
688825,长鑫科技,2026-09-28 13:35:00,53.980,54.210,53.900,54.100,2635081,142199663.6781
688825,长鑫科技,2026-09-28 13:40:00,54.100,54.190,53.880,53.880,2888305,155809892.9593
688825,长鑫科技,2026-09-28 13:45:00,53.900,54.010,53.820,54.000,2645107,142517531.3861
688825,长鑫科技,2026-09-28 13:50:00,54.000,54.010,53.900,53.920,1720605,92822529.0913
688825,长鑫科技,2026-09-28 13:55:00,53.920,54.070,53.850,53.900,2297410,123843961.4541
688825,长鑫科技,2026-09-28 14:00:00,53.900,53.960,53.830,53.930,2083035,112222791.3496
688825,长鑫科技,2026-09-28 14:05:00,53.940,54.310,53.850,54.270,3127547,169072414.6343
688825,长鑫科技,2026-09-28 14:10:00,54.270,54.500,54.120,54.450,4453139,242168117.8064
688825,长鑫科技,2026-09-28 14:15:00,54.430,54.650,54.380,54.550,4276130,233287055.4506
688825,长鑫科技,2026-09-28 14:20:00,54.580,54.630,54.270,54.280,3048118,166088346.7152
688825,长鑫科技,2026-09-28 14:25:00,54.280,54.410,54.230,54.270,2084972,113222666.9398
688825,长鑫科技,2026-09-28 14:30:00,54.260,54.300,53.980,54.070,3271810,176933621.7085
688825,长鑫科技,2026-09-28 14:35:00,54.080,54.090,53.950,54.000,2412296,130252638.0928
688825,长鑫科技,2026-09-28 14:40:00,54.010,54.050,53.940,53.940,3665264,197912968.0478
688825,长鑫科技,2026-09-28 14:45:00,53.950,54.070,53.900,53.960,3783983,204199666.2156
688825,长鑫科技,2026-09-28 14:50:00,53.970,53.990,53.900,53.950,3301138,178069189.3936
688825,长鑫科技,2026-09-28 14:55:00,53.950,53.950,53.820,53.850,7306956,393514051.3265
688825,长鑫科技,2026-09-28 15:00:00,53.850,53.870,53.800,53.800,5155105,277437327.8273
603986,兆易创新,2026-09-28 09:35:00,380.000,380.000,374.990,375.000,2031622,767632342.7826
603986,兆易创新,2026-09-28 09:40:00,375.000,375.780,371.200,371.580,1976800,738105424.1234
603986,兆易创新,2026-09-28 09:45:00,371.590,372.470,369.000,371.690,1677869,622257889.0024
603986,兆易创新,2026-09-28 09:50:00,371.350,373.500,370.990,371.460,927260,344903449.1172
603986,兆易创新,2026-09-28 09:55:00,371.460,372.830,370.500,370.960,791757,294274110.9023
603986,兆易创新,2026-09-28 10:00:00,370.990,372.250,368.500,368.600,1099305,406341999.8237
603986,兆易创新,2026-09-28 10:05:00,368.600,369.560,368.000,369.550,762079,280967208.4952
603986,兆易创新,2026-09-28 10:10:00,369.560,369.630,368.110,369.550,552584,203846205.9336
603986,兆易创新,2026-09-28 10:15:00,369.390,369.640,366.880,368.010,765697,281768003.2627
603986,兆易创新,2026-09-28 10:20:00,368.000,368.010,365.200,365.550,777403,284835799.4837
603986,兆易创新,2026-09-28 10:25:00,365.660,367.360,365.100,365.620,595252,217852332.5918
603986,兆易创新,2026-09-28 10:30:00,365.680,367.150,365.550,366.000,392363,143790383.4023
603986,兆易创新,2026-09-28 10:35:00,366.000,366.010,362.090,362.120,1123461,408977442.7979
603986,兆易创新,2026-09-28 10:40:00,362.130,362.130,360.800,360.800,725988,262537778.9885
603986,兆易创新,2026-09-28 10:45:00,360.870,361.980,360.600,360.760,670907,242186047.5006
603986,兆易创新,2026-09-28 10:50:00,360.760,362.130,360.200,361.700,608600,219705836.0000
603986,兆易创新,2026-09-28 10:55:00,361.800,362.240,360.680,361.190,409000,147827497.1797
603986,兆易创新,2026-09-28 11:00:00,361.200,361.470,359.100,360.330,943400,339814865.0625
603986,兆易创新,2026-09-28 11:05:00,360.500,363.370,360.500,363.100,439950,159433775.9453
603986,兆易创新,2026-09-28 11:10:00,363.330,364.200,361.790,362.100,389972,141682117.8096
603986,兆易创新,2026-09-28 11:15:00,362.000,362.500,360.690,360.870,239600,86609732.0625
603986,兆易创新,2026-09-28 11:20:00,360.870,360.880,359.000,359.980,448100,161227055.9844
603986,兆易创新,2026-09-28 11:25:00,359.850,361.430,359.560,361.000,187200,67473666.0000
603986,兆易创新,2026-09-28 11:30:00,361.020,361.030,359.980,360.890,212397,76532187.0313
603986,兆易创新,2026-09-28 13:05:00,360.890,364.000,360.600,363.650,414200,150333660.8340
603986,兆易创新,2026-09-28 13:10:00,363.770,364.880,361.800,364.880,396000,143776906.0859
603986,兆易创新,2026-09-28 13:15:00,364.870,364.890,361.240,361.950,240300,87169970.1016
603986,兆易创新,2026-09-28 13:20:00,361.950,362.090,359.770,360.000,423300,152603835.9688
603986,兆易创新,2026-09-28 13:25:00,360.010,360.180,358.380,358.590,535700,192388381.9063
603986,兆易创新,2026-09-28 13:30:00,358.600,359.460,358.480,358.910,303633,108963217.7578
603986,兆易创新,2026-09-28 13:35:00,358.880,358.880,357.390,358.680,608634,217921297.0449
603986,兆易创新,2026-09-28 13:40:00,358.660,358.660,357.360,357.720,352300,126067138.5107
603986,兆易创新,2026-09-28 13:45:00,357.610,358.750,357.410,358.500,217513,77844396.3525
603986,兆易创新,2026-09-28 13:50:00,358.490,358.880,358.000,358.420,244100,87470722.0505
603986,兆易创新,2026-09-28 13:55:00,358.430,359.990,358.410,358.950,209666,75255345.1230
603986,兆易创新,2026-09-28 14:00:00,358.920,359.010,358.000,358.210,318700,114220238.3071
603986,兆易创新,2026-09-28 14:05:00,358.520,359.500,357.140,359.290,546450,195619864.1484
603986,兆易创新,2026-09-28 14:10:00,359.250,362.000,358.890,361.250,434072,156462085.6604
603986,兆易创新,2026-09-28 14:15:00,361.070,363.640,360.890,363.640,432583,156877468.4141
603986,兆易创新,2026-09-28 14:20:00,363.640,363.710,362.200,362.210,336198,122090506.1616
603986,兆易创新,2026-09-28 14:25:00,362.210,363.080,361.230,362.120,274910,99548243.1260
603986,兆易创新,2026-09-28 14:30:00,362.070,362.320,360.090,360.260,329200,118798162.4531
603986,兆易创新,2026-09-28 14:35:00,360.290,360.530,359.000,359.560,390100,140386573.0156
603986,兆易创新,2026-09-28 14:40:00,359.620,360.440,359.620,359.810,262496,94511335.8317
603986,兆易创新,2026-09-28 14:45:00,359.830,360.850,359.380,360.080,355776,128112376.4883
603986,兆易创新,2026-09-28 14:50:00,360.070,360.500,359.680,359.740,495724,178471346.7012
603986,兆易创新,2026-09-28 14:55:00,359.710,359.800,358.220,358.540,883620,317027229.7234
603986,兆易创新,2026-09-28 15:00:00,358.540,359.500,358.400,358.510,728559,261293102.1747
002384,东山精密,2026-09-28 09:35:00,184.080,184.610,180.220,181.550,4208827,766153429.3686
002384,东山精密,2026-09-28 09:40:00,181.550,181.680,178.780,179.060,3422932,616389161.9941
002384,东山精密,2026-09-28 09:45:00,179.070,179.880,178.070,178.450,2124709,380073359.5387
002384,东山精密,2026-09-28 09:50:00,178.450,179.250,176.010,176.300,2920361,518171114.9188
002384,东山精密,2026-09-28 09:55:00,176.300,176.820,175.300,175.850,2957590,520269387.7156
002384,东山精密,2026-09-28 10:00:00,175.820,176.310,174.050,174.690,2558020,447850165.4419
002384,东山精密,2026-09-28 10:05:00,174.700,176.500,174.390,176.500,1532498,268187598.5380
002384,东山精密,2026-09-28 10:10:00,176.490,176.850,175.660,176.850,915550,161295378.3555
002384,东山精密,2026-09-28 10:15:00,176.860,176.900,175.200,175.410,736600,129521001.0433
002384,东山精密,2026-09-28 10:20:00,175.410,175.410,173.440,173.850,1956353,341060684.3283
002384,东山精密,2026-09-28 10:25:00,173.850,174.850,173.400,174.380,1143601,198979542.3023
002384,东山精密,2026-09-28 10:30:00,174.540,174.740,173.800,173.850,629700,109788678.3203
002384,东山精密,2026-09-28 10:35:00,173.850,173.930,171.920,171.990,1844498,318574615.0649
002384,东山精密,2026-09-28 10:40:00,171.970,172.120,171.110,171.200,1367616,234795342.8156
002384,东山精密,2026-09-28 10:45:00,171.200,171.500,170.120,170.170,2432800,415312274.6289
002384,东山精密,2026-09-28 10:50:00,170.190,171.230,170.070,171.200,1175900,200625705.1680
002384,东山精密,2026-09-28 10:55:00,171.220,171.460,170.600,170.740,1095700,187374846.9219
002384,东山精密,2026-09-28 11:00:00,170.800,170.950,168.950,169.150,2414071,409545953.3258
002384,东山精密,2026-09-28 11:05:00,169.370,171.500,169.100,170.880,891900,152078380.0547
002384,东山精密,2026-09-28 11:10:00,170.880,171.450,170.390,170.500,868900,148543282.4507
002384,东山精密,2026-09-28 11:15:00,170.520,170.940,169.860,169.860,557400,94955463.7461
002384,东山精密,2026-09-28 11:20:00,169.890,169.970,168.950,169.380,1214807,205580719.8673
002384,东山精密,2026-09-28 11:25:00,169.330,170.200,169.150,169.840,475200,80649156.0117
002384,东山精密,2026-09-28 11:30:00,169.900,170.090,169.510,170.070,461844,78395577.7314
002384,东山精密,2026-09-28 13:05:00,170.080,171.480,170.000,170.710,915300,156341082.3834
002384,东山精密,2026-09-28 13:10:00,170.750,171.470,170.000,171.470,522017,88987651.1575
002384,东山精密,2026-09-28 13:15:00,171.480,171.630,170.010,170.360,605600,103355236.9453
002384,东山精密,2026-09-28 13:20:00,170.390,170.500,169.300,169.330,618784,105104439.2119
002384,东山精密,2026-09-28 13:25:00,169.350,169.360,168.740,168.760,954016,161218081.2396
002384,东山精密,2026-09-28 13:30:00,168.750,169.150,168.500,168.780,542928,91646360.9053
002384,东山精密,2026-09-28 13:35:00,168.790,169.180,168.500,169.100,506278,85410836.9615
002384,东山精密,2026-09-28 13:40:00,169.080,169.120,168.560,168.620,380000,64126307.5503
002384,东山精密,2026-09-28 13:45:00,168.620,168.820,168.520,168.820,524517,88454211.2469
002384,东山精密,2026-09-28 13:50:00,168.820,169.080,168.700,168.790,546100,92233035.3203
002384,东山精密,2026-09-28 13:55:00,168.790,169.030,168.710,168.930,413500,69838464.8986
002384,东山精密,2026-09-28 14:00:00,168.930,168.950,168.580,168.640,570800,96298688.1865
002384,东山精密,2026-09-28 14:05:00,168.650,169.400,167.840,169.100,1760467,296316894.5610
002384,东山精密,2026-09-28 14:10:00,169.220,169.960,168.960,169.880,644600,109237669.0195
002384,东山精密,2026-09-28 14:15:00,169.880,170.700,169.820,170.700,599174,101999132.6626
002384,东山精密,2026-09-28 14:20:00,170.700,170.970,169.420,169.460,809193,137807439.0074
002384,东山精密,2026-09-28 14:25:00,169.470,170.010,169.240,169.510,399224,67668396.3943
002384,东山精密,2026-09-28 14:30:00,169.510,169.540,168.580,168.660,552691,93411303.3992
002384,东山精密,2026-09-28 14:35:00,168.650,168.820,168.010,168.200,791499,133300767.0358
002384,东山精密,2026-09-28 14:40:00,168.220,168.640,168.200,168.410,647600,109146506.3542
002384,东山精密,2026-09-28 14:45:00,168.410,168.910,168.140,168.690,952845,160544639.2283
002384,东山精密,2026-09-28 14:50:00,168.690,168.820,168.330,168.340,976200,164533359.1240
002384,东山精密,2026-09-28 14:55:00,168.340,168.360,168.000,168.210,1560197,262317093.4976
002384,东山精密,2026-09-28 15:00:00,168.200,168.330,168.200,168.280,1104661,185885739.1343
300394,天孚通信,2026-09-28 09:35:00,262.500,264.000,259.000,259.430,2993497,780693362.9261
300394,天孚通信,2026-09-28 09:40:00,259.370,259.500,255.800,256.690,2199146,565999744.8142
300394,天孚通信,2026-09-28 09:45:00,256.680,256.830,253.730,254.250,1998270,509743026.1425
300394,天孚通信,2026-09-28 09:50:00,254.250,255.560,250.220,250.380,2177032,549554438.2300
300394,天孚通信,2026-09-28 09:55:00,250.520,252.260,249.680,249.680,2115327,530251375.2937
300394,天孚通信,2026-09-28 10:00:00,249.680,251.000,249.000,249.410,1142633,285204523.0835
300394,天孚通信,2026-09-28 10:05:00,249.410,251.990,248.420,251.990,1121133,280010225.0285
300394,天孚通信,2026-09-28 10:10:00,251.980,251.990,249.700,251.900,887734,222739887.3093
300394,天孚通信,2026-09-28 10:15:00,251.900,251.980,250.000,251.120,785960,197272023.4058
300394,天孚通信,2026-09-28 10:20:00,251.090,251.300,248.500,248.570,939780,234398009.1934
300394,天孚通信,2026-09-28 10:25:00,248.560,250.110,248.220,249.440,700262,174384943.7095
300394,天孚通信,2026-09-28 10:30:00,249.550,250.010,248.600,248.690,755560,188391372.5625
300394,天孚通信,2026-09-28 10:35:00,248.660,248.690,246.180,246.200,818940,202729950.4634
300394,天孚通信,2026-09-28 10:40:00,246.180,246.540,245.180,245.180,880868,216651658.5752
300394,天孚通信,2026-09-28 10:45:00,245.210,246.360,245.170,245.300,591025,145171566.7481
300394,天孚通信,2026-09-28 10:50:00,245.340,246.640,245.000,246.200,654424,160694006.4888
300394,天孚通信,2026-09-28 10:55:00,246.200,246.510,245.340,245.730,453170,111436296.6040
300394,天孚通信,2026-09-28 11:00:00,245.730,245.730,243.660,244.170,700504,171368810.8242
300394,天孚通信,2026-09-28 11:05:00,244.170,247.100,244.170,246.770,587285,144445037.1982
300394,天孚通信,2026-09-28 11:10:00,246.950,247.280,244.880,245.030,409300,100749001.8105
300394,天孚通信,2026-09-28 11:15:00,245.020,245.320,244.080,244.200,298100,72984518.4736
300394,天孚通信,2026-09-28 11:20:00,244.140,244.260,243.000,243.650,652488,158898709.2017
300394,天孚通信,2026-09-28 11:25:00,243.610,244.990,243.310,244.310,283447,69211336.3604
300394,天孚通信,2026-09-28 11:30:00,244.460,244.860,243.820,244.830,248863,60745583.3164
300394,天孚通信,2026-09-28 13:05:00,244.660,247.130,244.660,246.430,654560,161214914.4126
300394,天孚通信,2026-09-28 13:10:00,246.380,247.900,246.020,247.880,430462,106241420.7363
300394,天孚通信,2026-09-28 13:15:00,247.860,247.900,245.770,246.700,335418,82721893.9179
300394,天孚通信,2026-09-28 13:20:00,246.700,246.750,244.980,245.100,209700,51492329.0000
300394,天孚通信,2026-09-28 13:25:00,245.000,245.120,244.100,244.410,247620,60571344.9922
300394,天孚通信,2026-09-28 13:30:00,244.360,244.980,244.240,244.440,221680,54213255.2012
300394,天孚通信,2026-09-28 13:35:00,244.400,244.710,243.690,244.530,268480,65548687.9990
300394,天孚通信,2026-09-28 13:40:00,244.440,244.470,243.000,243.360,448001,109038349.5060
300394,天孚通信,2026-09-28 13:45:00,243.360,244.300,243.230,244.170,275208,67045006.5488
300394,天孚通信,2026-09-28 13:50:00,244.170,244.870,243.700,244.300,245168,59866681.9951
300394,天孚通信,2026-09-28 13:55:00,244.300,244.860,244.010,244.720,180400,44082568.7817
300394,天孚通信,2026-09-28 14:00:00,244.720,244.860,243.940,244.840,213600,52184085.5864
300394,天孚通信,2026-09-28 14:05:00,244.840,246.100,243.600,245.990,352659,86344692.2020
300394,天孚通信,2026-09-28 14:10:00,245.990,246.490,245.500,246.050,358850,88279253.3770
300394,天孚通信,2026-09-28 14:15:00,246.050,248.550,246.000,248.550,494154,122309185.8213
300394,天孚通信,2026-09-28 14:20:00,248.540,248.660,247.670,247.670,635893,157827804.6919
300394,天孚通信,2026-09-28 14:25:00,247.670,248.000,247.000,247.430,372418,92123548.5991
300394,天孚通信,2026-09-28 14:30:00,247.420,247.500,245.500,245.940,290668,71586960.6226
300394,天孚通信,2026-09-28 14:35:00,245.940,246.270,245.600,245.890,279658,68786062.8328
300394,天孚通信,2026-09-28 14:40:00,245.890,246.160,245.850,245.900,266680,65602213.6484
300394,天孚通信,2026-09-28 14:45:00,245.910,246.130,245.000,245.700,383898,94328396.3984
300394,天孚通信,2026-09-28 14:50:00,245.680,245.980,245.020,245.110,482870,118558057.5547
300394,天孚通信,2026-09-28 14:55:00,245.190,245.360,244.800,244.950,741434,181657751.4798
300394,天孚通信,2026-09-28 15:00:00,244.950,245.090,244.500,244.800,811123,198602221.3519
000592,平潭发展,2026-09-28 09:35:00,8.780,9.450,8.610,9.420,171992691,1557232529.7713
000592,平潭发展,2026-09-28 09:40:00,9.420,9.420,9.080,9.100,59240749,546399778.5254
000592,平潭发展,2026-09-28 09:45:00,9.100,9.290,9.030,9.210,39863161,364711552.0864
000592,平潭发展,2026-09-28 09:50:00,9.200,9.250,9.100,9.110,16193495,148670204.2124
000592,平潭发展,2026-09-28 09:55:00,9.110,9.220,9.100,9.190,10874583,99712965.3603
000592,平潭发展,2026-09-28 10:00:00,9.200,9.200,9.120,9.160,7382000,67623836.4520
000592,平潭发展,2026-09-28 10:05:00,9.160,9.180,9.130,9.180,6625293,60614630.0923
000592,平潭发展,2026-09-28 10:10:00,9.170,9.320,9.160,9.230,13154568,121641166.0522
000592,平潭发展,2026-09-28 10:15:00,9.220,9.300,9.220,9.290,8902609,82551907.2172
000592,平潭发展,2026-09-28 10:20:00,9.290,9.320,9.250,9.310,13528415,125849385.7489
000592,平潭发展,2026-09-28 10:25:00,9.310,9.330,9.180,9.230,7972533,73881727.3744
000592,平潭发展,2026-09-28 10:30:00,9.210,9.250,9.200,9.200,4332800,39957608.6616
000592,平潭发展,2026-09-28 10:35:00,9.210,9.230,9.140,9.230,5692256,52282807.4718
000592,平潭发展,2026-09-28 10:40:00,9.220,9.260,9.200,9.210,3840721,35452314.4910
000592,平潭发展,2026-09-28 10:45:00,9.210,9.220,9.160,9.220,4277638,39303059.3138
000592,平潭发展,2026-09-28 10:50:00,9.220,9.270,9.210,9.270,4486156,41476582.1813
000592,平潭发展,2026-09-28 10:55:00,9.270,9.300,9.250,9.260,4241300,39361609.5302
000592,平潭发展,2026-09-28 11:00:00,9.250,9.280,9.230,9.260,2882200,26670582.5585
000592,平潭发展,2026-09-28 11:05:00,9.260,9.270,9.200,9.240,2291667,21138338.6389
000592,平潭发展,2026-09-28 11:10:00,9.240,9.250,9.180,9.200,3915900,36029303.9198
000592,平潭发展,2026-09-28 11:15:00,9.200,9.210,9.190,9.200,2042300,18796714.9810
000592,平潭发展,2026-09-28 11:20:00,9.210,9.210,9.140,9.150,3970600,36421185.5951
000592,平潭发展,2026-09-28 11:25:00,9.150,9.170,9.140,9.170,2297400,21051073.9476
000592,平潭发展,2026-09-28 11:30:00,9.170,9.260,9.160,9.260,2737889,25157016.7620
000592,平潭发展,2026-09-28 13:05:00,9.260,9.270,9.150,9.150,5246855,48333347.7460
000592,平潭发展,2026-09-28 13:10:00,9.150,9.180,8.900,8.910,13583790,122860202.1697
000592,平潭发展,2026-09-28 13:15:00,8.910,9.100,8.900,8.980,10695626,96326455.0691
000592,平潭发展,2026-09-28 13:20:00,8.970,9.120,8.960,9.110,6502257,58687769.6505
000592,平潭发展,2026-09-28 13:25:00,9.120,9.330,9.110,9.320,11851152,109725330.7240
000592,平潭发展,2026-09-28 13:30:00,9.320,9.320,9.200,9.200,5654276,52535026.2545
000592,平潭发展,2026-09-28 13:35:00,9.200,9.230,9.150,9.150,2946000,27082408.8395
000592,平潭发展,2026-09-28 13:40:00,9.160,9.170,9.010,9.130,3445500,31365354.1962
000592,平潭发展,2026-09-28 13:45:00,9.140,9.200,9.060,9.180,3138282,28666373.5101
000592,平潭发展,2026-09-28 13:50:00,9.170,9.180,9.100,9.100,1981100,18117591.4099
000592,平潭发展,2026-09-28 13:55:00,9.100,9.120,9.050,9.070,2746600,24940376.3008
000592,平潭发展,2026-09-28 14:00:00,9.070,9.090,9.060,9.070,2139535,19403739.2194
000592,平潭发展,2026-09-28 14:05:00,9.070,9.110,9.060,9.060,2584100,23470225.1545
000592,平潭发展,2026-09-28 14:10:00,9.060,9.080,8.960,9.040,6463767,58281517.8146
000592,平潭发展,2026-09-28 14:15:00,9.030,9.090,8.990,9.000,3795100,34244968.1581
000592,平潭发展,2026-09-28 14:20:00,9.000,9.050,9.000,9.010,2775700,25016757.1504
000592,平潭发展,2026-09-28 14:25:00,9.010,9.110,9.010,9.070,2468800,22379071.4071
000592,平潭发展,2026-09-28 14:30:00,9.060,9.090,9.010,9.040,2077603,18789542.2644
000592,平潭发展,2026-09-28 14:35:00,9.040,9.060,8.950,9.010,5768197,51877658.8017
000592,平潭发展,2026-09-28 14:40:00,9.000,9.030,8.890,8.950,8237438,73615345.0206
000592,平潭发展,2026-09-28 14:45:00,8.940,9.190,8.920,9.110,11252173,102297566.7717
000592,平潭发展,2026-09-28 14:50:00,9.110,9.120,9.010,9.040,5959572,53972430.9540
000592,平潭发展,2026-09-28 14:55:00,9.040,9.100,8.970,9.080,15673095,141749840.9897
000592,平潭发展,2026-09-28 15:00:00,9.080,9.110,9.060,9.090,17406500,158145058.6798
600522,中天科技,2026-09-28 09:35:00,34.500,34.550,33.210,33.230,18486551,623943819.8781
600522,中天科技,2026-09-28 09:40:00,33.230,33.260,32.600,32.750,23400069,769505495.7235
600522,中天科技,2026-09-28 09:45:00,32.750,32.800,32.480,32.750,13199832,430903775.1929
600522,中天科技,2026-09-28 09:50:00,32.760,32.950,32.110,32.160,14798435,481710552.8606
600522,中天科技,2026-09-28 09:55:00,32.150,32.340,32.040,32.270,11267622,362574818.7777
600522,中天科技,2026-09-28 10:00:00,32.270,32.330,32.020,32.160,8687423,279290256.9743
600522,中天科技,2026-09-28 10:05:00,32.160,32.160,31.690,32.030,12138868,387570002.9621
600522,中天科技,2026-09-28 10:10:00,32.020,32.110,31.750,31.960,5771551,184328337.5740
600522,中天科技,2026-09-28 10:15:00,31.950,31.980,31.710,31.730,4812200,153176186.0007
600522,中天科技,2026-09-28 10:20:00,31.730,31.730,31.420,31.550,10634832,335642501.7156
600522,中天科技,2026-09-28 10:25:00,31.550,31.790,31.550,31.600,3966000,125665217.7924
600522,中天科技,2026-09-28 10:30:00,31.590,31.760,31.550,31.750,3190200,101049291.0000
600522,中天科技,2026-09-28 10:35:00,31.750,31.760,31.430,31.440,5661000,178709331.0000
600522,中天科技,2026-09-28 10:40:00,31.450,31.500,31.400,31.410,5688767,178835251.7780
600522,中天科技,2026-09-28 10:45:00,31.410,31.420,31.360,31.380,4619869,144983918.7496
600522,中天科技,2026-09-28 10:50:00,31.380,31.560,31.360,31.510,3037862,95584209.2387
600522,中天科技,2026-09-28 10:55:00,31.520,31.760,31.510,31.670,3704679,117280055.7158
600522,中天科技,2026-09-28 11:00:00,31.660,31.700,31.400,31.560,2774500,87463529.0012
600522,中天科技,2026-09-28 11:05:00,31.560,31.670,31.400,31.640,3744600,117949881.0000
600522,中天科技,2026-09-28 11:10:00,31.640,31.680,31.520,31.550,2233700,70570137.0000
600522,中天科技,2026-09-28 11:15:00,31.560,31.580,31.490,31.530,1562673,49256793.7764
600522,中天科技,2026-09-28 11:20:00,31.520,31.540,31.410,31.460,2067427,65022342.9987
600522,中天科技,2026-09-28 11:25:00,31.460,31.540,31.410,31.520,1227923,38664707.3577
600522,中天科技,2026-09-28 11:30:00,31.530,31.540,31.480,31.510,1111400,35016424.0000
600522,中天科技,2026-09-28 13:05:00,31.510,31.700,31.490,31.540,3372043,106509230.3671
600522,中天科技,2026-09-28 13:10:00,31.540,31.630,31.430,31.630,2217972,69843609.2302
600522,中天科技,2026-09-28 13:15:00,31.620,31.630,31.440,31.470,1483638,46762526.7791
600522,中天科技,2026-09-28 13:20:00,31.470,31.490,31.340,31.350,5027462,157783602.2913
600522,中天科技,2026-09-28 13:25:00,31.350,31.350,31.320,31.340,6238974,195469395.3754
600522,中天科技,2026-09-28 13:30:00,31.340,31.370,31.330,31.350,1718900,53879055.8318
600522,中天科技,2026-09-28 13:35:00,31.340,31.350,31.320,31.330,2928300,91743798.9287
600522,中天科技,2026-09-28 13:40:00,31.330,31.340,31.320,31.330,3659900,114645203.0012
600522,中天科技,2026-09-28 13:45:00,31.330,31.340,31.320,31.330,3698400,115852881.9232
600522,中天科技,2026-09-28 13:50:00,31.340,31.400,31.330,31.340,1653476,51858983.0890
600522,中天科技,2026-09-28 13:55:00,31.340,31.360,31.320,31.330,1922924,60254192.9735
600522,中天科技,2026-09-28 14:00:00,31.320,31.350,31.320,31.340,2015300,63136867.9888
600522,中天科技,2026-09-28 14:05:00,31.340,31.400,31.320,31.400,3639719,114020430.6032
600522,中天科技,2026-09-28 14:10:00,31.400,31.660,31.350,31.660,2457850,77511761.9918
600522,中天科技,2026-09-28 14:15:00,31.650,31.830,31.620,31.820,2390195,75791521.3353
600522,中天科技,2026-09-28 14:20:00,31.820,31.990,31.700,31.720,3052399,97371392.3220
600522,中天科技,2026-09-28 14:25:00,31.710,31.750,31.600,31.740,1400151,44341232.1281
600522,中天科技,2026-09-28 14:30:00,31.750,31.830,31.580,31.600,1605998,50911567.9141
600522,中天科技,2026-09-28 14:35:00,31.600,31.630,31.580,31.580,1028200,32495962.1012
600522,中天科技,2026-09-28 14:40:00,31.580,31.600,31.540,31.550,1911300,60347290.0046
600522,中天科技,2026-09-28 14:45:00,31.540,31.550,31.400,31.410,2200123,69203160.0309
600522,中天科技,2026-09-28 14:50:00,31.410,31.430,31.320,31.330,3762619,117982067.1332
600522,中天科技,2026-09-28 14:55:00,31.330,31.340,31.320,31.320,4739658,148453183.2131
600522,中天科技,2026-09-28 15:00:00,31.320,31.330,31.320,31.320,2935400,91940050.4083
600487,亨通光电,2026-09-28 09:35:00,63.520,64.000,61.400,61.640,40767739,2550827790.6739
600487,亨通光电,2026-09-28 09:40:00,61.640,61.650,60.640,61.080,22824937,1391462207.5046
600487,亨通光电,2026-09-28 09:45:00,61.070,61.150,60.680,61.130,11004853,670139151.8360
600487,亨通光电,2026-09-28 09:50:00,61.130,61.300,60.640,60.650,19951806,1211959426.4583
600487,亨通光电,2026-09-28 09:55:00,60.640,60.680,60.640,60.650,8345461,506090815.7617
600487,亨通光电,2026-09-28 10:00:00,60.650,60.660,60.640,60.640,1799700,109134174.3618
600487,亨通光电,2026-09-28 10:05:00,60.640,60.640,60.640,60.640,1066600,64678623.9375
600487,亨通光电,2026-09-28 10:10:00,60.640,60.640,60.640,60.640,956400,57996096.0002
600487,亨通光电,2026-09-28 10:15:00,60.640,60.640,60.640,60.640,510900,30980976.0000
600487,亨通光电,2026-09-28 10:20:00,60.640,60.640,60.640,60.640,354000,21466560.0002
600487,亨通光电,2026-09-28 10:25:00,60.640,60.640,60.640,60.640,316500,19192559.9976
600487,亨通光电,2026-09-28 10:30:00,60.640,60.640,60.640,60.640,272100,16500143.9827
600487,亨通光电,2026-09-28 10:35:00,60.640,60.640,60.640,60.640,202000,12249279.9956
600487,亨通光电,2026-09-28 10:40:00,60.640,60.640,60.640,60.640,240400,14577855.9796
600487,亨通光电,2026-09-28 10:45:00,60.640,60.640,60.640,60.640,186100,11285103.9959
600487,亨通光电,2026-09-28 10:50:00,60.640,60.640,60.640,60.640,198500,12037040.0000
600487,亨通光电,2026-09-28 10:55:00,60.640,60.640,60.640,60.640,289700,17567408.0000
600487,亨通光电,2026-09-28 11:00:00,60.640,60.640,60.640,60.640,260900,15820976.0000
600487,亨通光电,2026-09-28 11:05:00,60.640,60.640,60.640,60.640,386200,23419168.0000
600487,亨通光电,2026-09-28 11:10:00,60.640,60.640,60.640,60.640,208800,12661631.9942
600487,亨通光电,2026-09-28 11:15:00,60.640,60.640,60.640,60.640,118400,7179775.9849
600487,亨通光电,2026-09-28 11:20:00,60.640,60.640,60.640,60.640,146000,8853439.9427
600487,亨通光电,2026-09-28 11:25:00,60.640,60.640,60.640,60.640,123700,7501167.9820
600487,亨通光电,2026-09-28 11:30:00,60.640,60.640,60.640,60.640,202800,12297792.0277
600487,亨通光电,2026-09-28 13:05:00,60.640,60.640,60.640,60.640,456500,27682159.9656
600487,亨通光电,2026-09-28 13:10:00,60.640,60.640,60.640,60.640,139700,8471407.9944
600487,亨通光电,2026-09-28 13:15:00,60.640,60.640,60.640,60.640,134700,8168207.9761
600487,亨通光电,2026-09-28 13:20:00,60.640,60.640,60.640,60.640,191800,11630752.0457
600487,亨通光电,2026-09-28 13:25:00,60.640,60.640,60.640,60.640,111200,6743168.0007
600487,亨通光电,2026-09-28 13:30:00,60.640,60.640,60.640,60.640,95800,5809311.9978
600487,亨通光电,2026-09-28 13:35:00,60.640,60.640,60.640,60.640,82100,4978544.0000
600487,亨通光电,2026-09-28 13:40:00,60.640,60.640,60.640,60.640,124900,7573936.0000
600487,亨通光电,2026-09-28 13:45:00,60.640,60.640,60.640,60.640,105100,6373264.0000
600487,亨通光电,2026-09-28 13:50:00,60.640,60.640,60.640,60.640,106500,6458160.0000
600487,亨通光电,2026-09-28 13:55:00,60.640,60.640,60.640,60.640,130900,7937776.0004
600487,亨通光电,2026-09-28 14:00:00,60.640,60.640,60.640,60.640,109100,6615823.9633
600487,亨通光电,2026-09-28 14:05:00,60.640,60.640,60.640,60.640,102400,6209535.9980
600487,亨通光电,2026-09-28 14:10:00,60.640,60.640,60.640,60.640,155100,9405263.9635
600487,亨通光电,2026-09-28 14:15:00,60.640,60.640,60.640,60.640,223100,13528783.9623
600487,亨通光电,2026-09-28 14:20:00,60.640,60.640,60.640,60.640,296300,17967631.9690
600487,亨通光电,2026-09-28 14:25:00,60.640,60.640,60.640,60.640,172700,10472527.9858
600487,亨通光电,2026-09-28 14:30:00,60.640,60.640,60.640,60.640,336000,20375040.0000
600487,亨通光电,2026-09-28 14:35:00,60.640,60.640,60.640,60.640,253100,15347983.9934
600487,亨通光电,2026-09-28 14:40:00,60.640,60.640,60.640,60.640,145600,8829183.9929
600487,亨通光电,2026-09-28 14:45:00,60.640,60.640,60.640,60.640,179300,10872751.9773
600487,亨通光电,2026-09-28 14:50:00,60.640,60.640,60.640,60.640,269500,16342479.9573
600487,亨通光电,2026-09-28 14:55:00,60.640,60.640,60.640,60.640,253100,15347983.9392
600487,亨通光电,2026-09-28 15:00:00,60.640,60.640,60.640,60.640,362400,21975935.9299
600183,生益科技,2026-09-28 09:35:00,136.000,138.500,134.800,136.830,4078145,556922497.0322
600183,生益科技,2026-09-28 09:40:00,136.830,136.830,133.530,133.530,3138762,423623231.6634
600183,生益科技,2026-09-28 09:45:00,133.550,135.050,133.530,134.380,2135631,286952768.0862
600183,生益科技,2026-09-28 09:50:00,134.400,135.150,133.220,133.350,1892215,253640057.9437
600183,生益科技,2026-09-28 09:55:00,133.350,133.880,133.260,133.400,1672521,223317768.7286
600183,生益科技,2026-09-28 10:00:00,133.400,133.880,133.110,133.150,1416543,188875019.7963
600183,生益科技,2026-09-28 10:05:00,133.150,135.090,133.070,135.010,1229553,164282129.3951
600183,生益科技,2026-09-28 10:10:00,135.010,135.140,133.800,134.340,940884,126454087.0955
600183,生益科技,2026-09-28 10:15:00,134.330,134.360,133.240,133.790,682647,91292262.5045
600183,生益科技,2026-09-28 10:20:00,133.730,133.800,132.300,132.540,1602393,212813447.4514
600183,生益科技,2026-09-28 10:25:00,132.530,133.280,132.530,132.800,743342,98726995.4482
600183,生益科技,2026-09-28 10:30:00,132.700,134.190,132.680,133.140,674041,89996090.3931
600183,生益科技,2026-09-28 10:35:00,133.130,133.200,131.600,131.610,1776000,234701170.6440
600183,生益科技,2026-09-28 10:40:00,131.610,131.610,130.820,130.890,2497531,327767368.3892
600183,生益科技,2026-09-28 10:45:00,130.890,131.300,130.860,130.980,1099900,144153815.9541
600183,生益科技,2026-09-28 10:50:00,130.970,131.790,130.660,131.660,1413609,185475489.2762
600183,生益科技,2026-09-28 10:55:00,131.680,132.230,131.150,131.710,851900,112153171.6680
600183,生益科技,2026-09-28 11:00:00,131.710,131.710,130.660,130.960,634402,83109040.3320
600183,生益科技,2026-09-28 11:05:00,131.040,131.900,130.880,131.690,786200,103271701.2861
600183,生益科技,2026-09-28 11:10:00,131.690,132.060,131.080,131.250,598000,78712869.9990
600183,生益科技,2026-09-28 11:15:00,131.250,131.450,130.900,130.980,539599,70734559.8844
600183,生益科技,2026-09-28 11:20:00,130.910,130.990,130.490,130.660,682316,89137918.8748
600183,生益科技,2026-09-28 11:25:00,130.660,131.420,130.600,131.100,361000,47244813.7188
600183,生益科技,2026-09-28 11:30:00,131.100,131.200,130.740,130.850,281998,36906669.2982
600183,生益科技,2026-09-28 13:05:00,130.890,132.490,130.830,131.950,929288,122550716.1049
600183,生益科技,2026-09-28 13:10:00,131.950,132.200,131.040,132.150,393625,51823382.9785
600183,生益科技,2026-09-28 13:15:00,132.020,132.180,130.960,131.100,435301,57159394.0089
600183,生益科技,2026-09-28 13:20:00,131.100,131.210,130.490,130.500,636430,83204542.8876
600183,生益科技,2026-09-28 13:25:00,130.500,130.530,130.070,130.250,629170,81971272.4287
600183,生益科技,2026-09-28 13:30:00,130.250,130.730,130.100,130.350,395960,51598791.5742
600183,生益科技,2026-09-28 13:35:00,130.340,130.780,130.000,130.770,606851,79077827.0347
600183,生益科技,2026-09-28 13:40:00,130.760,130.770,130.050,130.130,431800,56265938.8164
600183,生益科技,2026-09-28 13:45:00,130.210,130.800,130.200,130.760,453000,59065744.7119
600183,生益科技,2026-09-28 13:50:00,130.760,130.880,130.470,130.700,375900,49122244.1270
600183,生益科技,2026-09-28 13:55:00,130.710,131.090,130.650,130.760,382500,50053640.9434
600183,生益科技,2026-09-28 14:00:00,130.730,131.040,130.550,131.040,345001,45100109.0628
600183,生益科技,2026-09-28 14:05:00,131.050,131.530,130.600,131.510,358500,47005897.1647
600183,生益科技,2026-09-28 14:10:00,131.500,132.000,131.190,131.880,610810,80413449.6836
600183,生益科技,2026-09-28 14:15:00,131.870,132.920,131.810,132.920,972600,128819027.4307
600183,生益科技,2026-09-28 14:20:00,132.910,132.990,132.130,132.140,732769,97156633.1387
600183,生益科技,2026-09-28 14:25:00,132.140,132.660,131.930,132.270,473000,62514716.3477
600183,生益科技,2026-09-28 14:30:00,132.200,132.390,131.510,131.770,378500,49869200.9541
600183,生益科技,2026-09-28 14:35:00,131.750,131.870,131.460,131.570,436500,57455328.2285
600183,生益科技,2026-09-28 14:40:00,131.570,132.110,131.510,131.510,683100,90062332.5249
600183,生益科技,2026-09-28 14:45:00,131.510,131.740,131.120,131.440,587961,77277207.3325
600183,生益科技,2026-09-28 14:50:00,131.440,131.800,131.350,131.460,668630,87929122.0850
600183,生益科技,2026-09-28 14:55:00,131.460,131.460,131.000,131.100,1004221,131685431.3275
600183,生益科技,2026-09-28 15:00:00,131.100,131.950,131.080,131.950,1032319,135901039.8245
300476,胜宏科技,2026-09-28 09:35:00,231.000,231.490,226.280,226.500,1590471,363681745.0587
300476,胜宏科技,2026-09-28 09:40:00,226.300,226.490,222.590,222.590,2009397,450951975.8973
300476,胜宏科技,2026-09-28 09:45:00,222.750,223.990,222.420,223.000,1234720,275467418.9663
300476,胜宏科技,2026-09-28 09:50:00,222.900,223.970,221.550,221.580,1403461,311981295.2834
300476,胜宏科技,2026-09-28 09:55:00,221.560,222.150,220.920,221.200,1130542,250262133.0913
300476,胜宏科技,2026-09-28 10:00:00,221.200,221.800,220.750,221.210,792159,175148432.9126
300476,胜宏科技,2026-09-28 10:05:00,221.220,222.380,220.090,222.380,779501,172340776.4825
300476,胜宏科技,2026-09-28 10:10:00,222.380,222.680,221.370,222.640,438266,97387806.7692
300476,胜宏科技,2026-09-28 10:15:00,222.640,222.650,221.320,221.550,378400,83920969.0505
300476,胜宏科技,2026-09-28 10:20:00,221.510,221.700,219.510,220.020,1119487,246546842.9722
300476,胜宏科技,2026-09-28 10:25:00,220.020,220.800,219.600,219.820,425568,93651664.3682
300476,胜宏科技,2026-09-28 10:30:00,219.820,220.950,219.800,219.800,366400,80672384.6397
300476,胜宏科技,2026-09-28 10:35:00,219.800,219.990,218.190,218.230,648868,142037717.8446
300476,胜宏科技,2026-09-28 10:40:00,218.220,218.230,217.500,217.500,773498,168485539.0609
300476,胜宏科技,2026-09-28 10:45:00,217.500,217.580,216.350,216.350,636030,138067619.2707
300476,胜宏科技,2026-09-28 10:50:00,216.340,217.370,216.100,217.360,671500,145467676.0586
300476,胜宏科技,2026-09-28 10:55:00,217.360,217.790,216.200,216.920,600800,130305871.9785
300476,胜宏科技,2026-09-28 11:00:00,216.910,216.910,215.100,215.500,781900,168682700.7012
300476,胜宏科技,2026-09-28 11:05:00,215.600,217.000,215.420,216.770,621880,134488532.1650
300476,胜宏科技,2026-09-28 11:10:00,216.770,217.780,216.180,216.380,490900,106432468.2788
300476,胜宏科技,2026-09-28 11:15:00,216.300,217.040,216.250,216.280,322300,69816111.9648
300476,胜宏科技,2026-09-28 11:20:00,216.300,216.300,215.660,216.020,313437,67705216.0386
300476,胜宏科技,2026-09-28 11:25:00,216.020,217.040,215.960,216.960,254202,55013648.8238
300476,胜宏科技,2026-09-28 11:30:00,216.980,216.990,215.990,216.650,241729,52302773.4404
300476,胜宏科技,2026-09-28 13:05:00,216.650,218.320,216.010,217.320,463892,100803688.2056
300476,胜宏科技,2026-09-28 13:10:00,217.250,217.280,215.810,216.900,344198,74446647.0823
300476,胜宏科技,2026-09-28 13:15:00,216.920,216.920,215.420,215.620,386600,83407903.9766
300476,胜宏科技,2026-09-28 13:20:00,215.700,216.000,214.000,214.290,567100,121872367.0586
300476,胜宏科技,2026-09-28 13:25:00,214.290,214.360,213.680,213.930,385100,82439994.1523
300476,胜宏科技,2026-09-28 13:30:00,213.930,214.980,213.660,214.330,247500,53011710.9316
300476,胜宏科技,2026-09-28 13:35:00,214.320,214.640,213.700,214.560,288521,61764475.6396
300476,胜宏科技,2026-09-28 13:40:00,214.570,214.570,213.300,213.730,308546,65974431.7009
300476,胜宏科技,2026-09-28 13:45:00,213.500,214.020,213.420,214.010,377000,80523628.1641
300476,胜宏科技,2026-09-28 13:50:00,214.010,214.280,213.690,213.980,182421,39042381.4352
300476,胜宏科技,2026-09-28 13:55:00,214.000,214.800,213.970,214.310,177600,38079569.9922
300476,胜宏科技,2026-09-28 14:00:00,214.460,214.460,213.900,214.020,171600,36735425.9844
300476,胜宏科技,2026-09-28 14:05:00,214.020,214.980,213.290,214.980,301959,64619037.1198
300476,胜宏科技,2026-09-28 14:10:00,214.980,215.900,214.630,215.560,328106,70595819.7953
300476,胜宏科技,2026-09-28 14:15:00,215.560,217.000,215.500,216.530,422000,91329775.7871
300476,胜宏科技,2026-09-28 14:20:00,216.590,217.550,216.220,216.410,400600,86859850.0000
300476,胜宏科技,2026-09-28 14:25:00,216.410,216.490,215.300,216.000,243500,52571632.0273
300476,胜宏科技,2026-09-28 14:30:00,216.000,216.010,214.680,215.100,315001,67769962.0397
300476,胜宏科技,2026-09-28 14:35:00,215.030,215.180,214.400,214.850,329363,70743108.7813
300476,胜宏科技,2026-09-28 14:40:00,214.860,214.900,213.980,214.050,407162,87301847.3167
300476,胜宏科技,2026-09-28 14:45:00,213.990,214.690,213.900,214.370,414748,88855728.3685
300476,胜宏科技,2026-09-28 14:50:00,214.310,214.370,213.930,214.200,558356,119571226.0049
300476,胜宏科技,2026-09-28 14:55:00,214.060,214.250,213.600,213.700,725626,155142887.9551
300476,胜宏科技,2026-09-28 15:00:00,213.680,213.770,213.500,213.500,824581,176124984.4158
002463,沪电股份,2026-09-28 09:35:00,123.000,123.750,122.100,122.150,2576937,316474500.5020
002463,沪电股份,2026-09-28 09:40:00,122.130,122.130,119.220,119.220,3236200,390467326.9835
002463,沪电股份,2026-09-28 09:45:00,119.270,120.980,119.110,120.200,2660234,319522720.1605
002463,沪电股份,2026-09-28 09:50:00,120.140,120.640,119.200,119.260,2261810,270850756.8140
002463,沪电股份,2026-09-28 09:55:00,119.260,119.700,119.110,119.530,1755600,209506726.0000
002463,沪电股份,2026-09-28 10:00:00,119.530,119.720,118.800,119.200,1901900,226819610.0090
002463,沪电股份,2026-09-28 10:05:00,119.200,119.990,118.880,119.950,1141736,136231879.7869
002463,沪电股份,2026-09-28 10:10:00,119.990,119.990,118.880,119.370,970879,115700004.0493
002463,沪电股份,2026-09-28 10:15:00,119.420,119.570,118.900,119.000,696800,83004551.9844
002463,沪电股份,2026-09-28 10:20:00,119.000,119.070,118.220,118.720,1460978,173314139.4896
002463,沪电股份,2026-09-28 10:25:00,118.720,118.980,118.300,118.370,803300,95252457.0000
002463,沪电股份,2026-09-28 10:30:00,118.370,118.690,118.050,118.100,1161180,137289566.9832
002463,沪电股份,2026-09-28 10:35:00,118.100,118.120,117.380,117.380,1768120,208262083.2163
002463,沪电股份,2026-09-28 10:40:00,117.380,117.820,117.330,117.360,1151400,135327456.0078
002463,沪电股份,2026-09-28 10:45:00,117.350,117.380,116.810,116.870,1664187,194808589.3350
002463,沪电股份,2026-09-28 10:50:00,116.870,117.710,116.830,117.620,1273000,149324601.5588
002463,沪电股份,2026-09-28 10:55:00,117.620,118.090,117.400,117.660,695700,81861679.0000
002463,沪电股份,2026-09-28 11:00:00,117.650,117.740,117.000,117.210,446700,52356249.0000
002463,沪电股份,2026-09-28 11:05:00,117.210,118.220,117.210,118.220,550481,64818376.9647
002463,沪电股份,2026-09-28 11:10:00,118.160,118.700,117.850,117.980,780400,92355574.5045
002463,沪电股份,2026-09-28 11:15:00,117.970,118.200,117.700,117.700,393800,46448908.1377
002463,沪电股份,2026-09-28 11:20:00,117.770,117.770,117.150,117.250,443900,52092660.0000
002463,沪电股份,2026-09-28 11:25:00,117.210,117.800,117.090,117.500,476200,55904620.4187
002463,沪电股份,2026-09-28 11:30:00,117.500,117.520,117.200,117.440,236100,27696026.0000
002463,沪电股份,2026-09-28 13:05:00,117.440,118.500,117.380,117.950,560500,66132845.0000
002463,沪电股份,2026-09-28 13:10:00,117.950,118.090,117.370,118.030,302100,35557398.9922
002463,沪电股份,2026-09-28 13:15:00,118.020,118.100,117.170,117.350,537200,63130289.0000
002463,沪电股份,2026-09-28 13:20:00,117.370,117.510,116.660,116.720,704361,82373754.9258
002463,沪电股份,2026-09-28 13:25:00,116.710,116.760,116.280,116.380,566800,66048765.0000
002463,沪电股份,2026-09-28 13:30:00,116.360,116.900,116.350,116.530,271500,31652208.0000
002463,沪电股份,2026-09-28 13:35:00,116.530,116.650,116.230,116.540,361400,42063400.0000
002463,沪电股份,2026-09-28 13:40:00,116.570,116.610,116.320,116.440,406900,47373583.0000
002463,沪电股份,2026-09-28 13:45:00,116.450,116.750,116.330,116.710,475118,55333724.8398
002463,沪电股份,2026-09-28 13:50:00,116.730,116.730,116.400,116.430,423800,49403302.0000
002463,沪电股份,2026-09-28 13:55:00,116.440,116.980,116.430,116.730,404400,47178786.9922
002463,沪电股份,2026-09-28 14:00:00,116.730,116.730,116.300,116.650,494400,57583585.9453
002463,沪电股份,2026-09-28 14:05:00,116.650,117.300,116.320,117.260,446030,52086334.3732
002463,沪电股份,2026-09-28 14:10:00,117.260,117.540,117.070,117.500,296600,34792678.0000
002463,沪电股份,2026-09-28 14:15:00,117.440,118.300,117.410,118.300,498400,58784156.0000
002463,沪电股份,2026-09-28 14:20:00,118.300,118.400,117.870,117.990,469098,55434438.9250
002463,沪电股份,2026-09-28 14:25:00,117.990,118.400,117.690,118.050,371800,43848444.9922
002463,沪电股份,2026-09-28 14:30:00,118.020,118.020,117.320,117.470,352214,41423604.6183
002463,沪电股份,2026-09-28 14:35:00,117.440,117.510,117.260,117.510,407900,47884999.4655
002463,沪电股份,2026-09-28 14:40:00,117.510,117.740,117.480,117.480,489000,57505362.1768
002463,沪电股份,2026-09-28 14:45:00,117.480,117.800,117.230,117.450,695940,81760484.2090
002463,沪电股份,2026-09-28 14:50:00,117.450,117.730,117.250,117.400,636400,74760467.0000
002463,沪电股份,2026-09-28 14:55:00,117.370,117.400,117.110,117.180,800706,93867188.2003
002463,沪电股份,2026-09-28 15:00:00,117.180,117.350,117.180,117.200,643626,75442333.5875
603083,剑桥科技,2026-09-28 09:35:00,205.000,215.520,204.500,214.020,2745244,581222198.3152
603083,剑桥科技,2026-09-28 09:40:00,214.060,214.070,207.130,208.260,1538536,323733934.0396
603083,剑桥科技,2026-09-28 09:45:00,208.200,208.450,205.860,205.910,688000,142409508.7305
603083,剑桥科技,2026-09-28 09:50:00,205.910,206.750,203.200,203.270,762571,156174963.3252
603083,剑桥科技,2026-09-28 09:55:00,203.270,204.780,202.960,204.250,571200,116356334.0039
603083,剑桥科技,2026-09-28 10:00:00,204.210,205.510,203.090,203.110,425000,86820417.9531
603083,剑桥科技,2026-09-28 10:05:00,203.110,206.860,203.080,206.840,443594,90603716.2075
603083,剑桥科技,2026-09-28 10:10:00,206.820,206.850,204.010,205.400,367890,75555437.2921
603083,剑桥科技,2026-09-28 10:15:00,205.160,205.460,204.320,204.510,176000,36040374.0039
603083,剑桥科技,2026-09-28 10:20:00,204.500,204.600,202.200,202.530,437167,88816759.6074
603083,剑桥科技,2026-09-28 10:25:00,202.530,203.630,202.300,202.810,209281,42448889.6672
603083,剑桥科技,2026-09-28 10:30:00,202.900,203.700,202.000,202.000,202100,41012009.7852
603083,剑桥科技,2026-09-28 10:35:00,202.020,202.210,200.330,200.640,447000,89907481.0195
603083,剑桥科技,2026-09-28 10:40:00,200.640,200.650,198.820,198.830,789500,157768148.9922
603083,剑桥科技,2026-09-28 10:45:00,198.870,200.000,198.680,198.680,436500,86953194.9766
603083,剑桥科技,2026-09-28 10:50:00,198.690,199.900,198.620,199.580,272497,54269624.4204
603083,剑桥科技,2026-09-28 10:55:00,199.590,199.960,199.000,199.320,242650,48399367.8564
603083,剑桥科技,2026-09-28 11:00:00,199.320,199.360,197.000,198.090,405500,80357478.9180
603083,剑桥科技,2026-09-28 11:05:00,198.140,200.000,198.140,200.000,251100,50025812.2852
603083,剑桥科技,2026-09-28 11:10:00,200.000,200.460,198.660,198.660,151300,30222243.0151
603083,剑桥科技,2026-09-28 11:15:00,198.800,199.230,197.800,197.880,184100,36534397.0117
603083,剑桥科技,2026-09-28 11:20:00,197.810,197.970,196.600,196.860,240500,47384959.0156
603083,剑桥科技,2026-09-28 11:25:00,196.860,197.960,196.610,197.020,246100,48486147.0078
603083,剑桥科技,2026-09-28 11:30:00,197.130,197.380,196.710,197.120,129200,25452592.9844
603083,剑桥科技,2026-09-28 13:05:00,197.120,199.200,196.880,198.420,304900,60498958.1328
603083,剑桥科技,2026-09-28 13:10:00,198.420,198.970,197.180,198.800,253200,50138625.0195
603083,剑桥科技,2026-09-28 13:15:00,198.800,198.990,197.210,197.880,176460,34905166.5654
603083,剑桥科技,2026-09-28 13:20:00,197.880,198.400,196.000,196.020,285240,56134275.0269
603083,剑桥科技,2026-09-28 13:25:00,196.100,196.180,195.260,195.680,313200,61301731.9883
603083,剑桥科技,2026-09-28 13:30:00,195.710,196.000,195.020,195.260,282820,55262966.3613
603083,剑桥科技,2026-09-28 13:35:00,195.270,195.850,195.170,195.590,224143,43805558.3643
603083,剑桥科技,2026-09-28 13:40:00,195.590,195.590,194.000,194.730,444297,86426366.9287
603083,剑桥科技,2026-09-28 13:45:00,194.580,195.580,194.520,195.480,213943,41716922.3096
603083,剑桥科技,2026-09-28 13:50:00,195.480,195.980,194.930,195.050,129100,25233153.0078
603083,剑桥科技,2026-09-28 13:55:00,195.100,195.790,195.040,195.250,235600,45998282.0156
603083,剑桥科技,2026-09-28 14:00:00,195.330,195.490,195.050,195.400,94400,18431724.0781
603083,剑桥科技,2026-09-28 14:05:00,195.400,196.270,194.500,196.080,206030,40232239.0078
603083,剑桥科技,2026-09-28 14:10:00,196.070,196.880,195.600,196.510,148400,29121780.9922
603083,剑桥科技,2026-09-28 14:15:00,196.530,199.060,196.510,199.020,224800,44473323.9414
603083,剑桥科技,2026-09-28 14:20:00,199.080,199.890,198.310,198.430,375700,74850980.0000
603083,剑桥科技,2026-09-28 14:25:00,198.370,199.790,198.000,198.790,262700,52208721.0352
603083,剑桥科技,2026-09-28 14:30:00,198.980,199.280,197.190,197.670,226300,44811925.3789
603083,剑桥科技,2026-09-28 14:35:00,197.670,198.290,196.420,196.680,288500,56933915.0426
603083,剑桥科技,2026-09-28 14:40:00,196.800,197.100,196.600,196.600,198600,39096085.0078
603083,剑桥科技,2026-09-28 14:45:00,196.590,197.490,196.380,196.500,423800,83368001.9492
603083,剑桥科技,2026-09-28 14:50:00,196.510,197.150,196.500,196.860,223240,43953552.2950
603083,剑桥科技,2026-09-28 14:55:00,196.870,197.400,196.610,197.300,461931,90968598.3700
603083,剑桥科技,2026-09-28 15:00:00,197.090,197.500,197.000,197.370,340700,67213483.1377
001309,德明利,2026-09-28 09:35:00,394.580,396.980,387.520,387.520,691831,271638234.8835
001309,德明利,2026-09-28 09:40:00,387.460,389.440,385.450,385.500,567400,219499229.8750
001309,德明利,2026-09-28 09:45:00,385.500,388.000,383.000,385.000,517700,199320404.8906
001309,德明利,2026-09-28 09:50:00,384.960,387.670,384.490,384.660,231612,89288940.4197
001309,德明利,2026-09-28 09:55:00,385.110,386.000,382.980,383.020,325718,125029104.6065
001309,德明利,2026-09-28 10:00:00,383.060,384.590,379.200,379.280,448306,170910829.4114
001309,德明利,2026-09-28 10:05:00,379.270,380.320,377.260,380.000,395348,149662315.4538
001309,德明利,2026-09-28 10:10:00,380.000,381.010,378.690,381.010,230943,87707459.3643
001309,德明利,2026-09-28 10:15:00,381.030,381.200,379.000,379.560,168100,63890326.1152
001309,德明利,2026-09-28 10:20:00,379.560,379.750,377.780,377.810,221100,83702422.9600
001309,德明利,2026-09-28 10:25:00,377.800,379.240,377.600,377.810,168900,63858599.0873
001309,德明利,2026-09-28 10:30:00,377.810,379.410,377.400,377.400,158600,59968444.1250
001309,德明利,2026-09-28 10:35:00,377.400,377.420,373.140,373.140,414100,155316424.9301
001309,德明利,2026-09-28 10:40:00,373.140,373.180,371.000,371.000,363000,135107353.8888
001309,德明利,2026-09-28 10:45:00,371.010,371.510,369.950,370.060,437839,162198636.2000
001309,德明利,2026-09-28 10:50:00,370.000,371.880,369.000,371.400,262400,97131040.9375
001309,德明利,2026-09-28 10:55:00,371.430,371.920,370.210,371.080,169100,62744441.0078
001309,德明利,2026-09-28 11:00:00,371.010,371.010,370.000,370.770,149400,55325181.0703
001309,德明利,2026-09-28 11:05:00,370.770,373.780,370.770,373.100,159500,59438956.9922
001309,德明利,2026-09-28 11:10:00,373.380,374.780,373.030,373.310,113714,42518542.4722
001309,德明利,2026-09-28 11:15:00,373.040,373.990,371.100,371.260,105500,39338930.0234
001309,德明利,2026-09-28 11:20:00,371.140,371.300,370.000,370.380,104602,38757611.4277
001309,德明利,2026-09-28 11:25:00,370.300,371.530,370.050,371.180,96920,35918465.3369
001309,德明利,2026-09-28 11:30:00,371.190,371.270,370.260,370.800,81500,30223461.9844
001309,德明利,2026-09-28 13:05:00,370.810,374.000,370.810,373.010,127428,47501295.9346
001309,德明利,2026-09-28 13:10:00,373.010,374.300,371.360,374.290,76500,28510832.9922
001309,德明利,2026-09-28 13:15:00,374.310,374.500,371.710,372.160,91200,34013303.0547
001309,德明利,2026-09-28 13:20:00,372.550,372.550,370.260,370.550,87772,32569662.7324
001309,德明利,2026-09-28 13:25:00,370.550,370.550,369.000,369.060,205958,76168270.2936
001309,德明利,2026-09-28 13:30:00,369.060,370.000,369.000,369.400,111500,41178855.9922
001309,德明利,2026-09-28 13:35:00,369.400,369.900,367.670,369.780,219000,80750054.0781
001309,德明利,2026-09-28 13:40:00,369.790,369.800,368.980,369.230,59000,21789922.0000
001309,德明利,2026-09-28 13:45:00,369.060,371.000,368.990,370.980,72088,26636635.9956
001309,德明利,2026-09-28 13:50:00,370.900,371.580,370.200,370.740,83361,30921002.8340
001309,德明利,2026-09-28 13:55:00,370.750,371.810,370.460,370.700,59100,21924004.0000
001309,德明利,2026-09-28 14:00:00,370.720,370.860,370.000,370.620,70258,26016111.0078
001309,德明利,2026-09-28 14:05:00,370.360,371.990,369.500,371.900,92500,34258264.0000
001309,德明利,2026-09-28 14:10:00,371.720,373.480,371.690,373.290,122600,45665817.0078
001309,德明利,2026-09-28 14:15:00,373.290,375.800,373.170,375.030,258500,96836904.9375
001309,德明利,2026-09-28 14:20:00,375.280,375.930,373.010,373.010,245500,91909654.0000
001309,德明利,2026-09-28 14:25:00,373.020,373.890,372.200,372.880,80700,30090017.0391
001309,德明利,2026-09-28 14:30:00,372.860,373.200,371.160,371.220,91386,33989316.6011
001309,德明利,2026-09-28 14:35:00,371.300,371.420,370.570,370.990,94878,35194962.5957
001309,德明利,2026-09-28 14:40:00,370.990,372.090,370.960,371.330,93800,34846104.0078
001309,德明利,2026-09-28 14:45:00,371.310,372.700,370.970,371.720,123600,45919819.9922
001309,德明利,2026-09-28 14:50:00,371.950,372.000,371.330,371.600,150100,55787516.9805
001309,德明利,2026-09-28 14:55:00,371.610,371.640,370.740,370.980,249700,92648230.1675
001309,德明利,2026-09-28 15:00:00,370.970,371.340,370.920,371.280,230297,85485398.9556
300684,中石科技,2026-09-28 09:35:00,120.000,120.000,114.680,115.400,2548047,298457924.5392
300684,中石科技,2026-09-28 09:40:00,115.390,115.570,112.700,113.690,1916913,218038574.9179
300684,中石科技,2026-09-28 09:45:00,113.690,114.990,112.910,114.000,1150100,130999210.0186
300684,中石科技,2026-09-28 09:50:00,113.900,115.110,112.880,113.800,911400,103580741.9854
300684,中石科技,2026-09-28 09:55:00,113.560,114.000,111.300,112.080,1326275,148967327.3064
300684,中石科技,2026-09-28 10:00:00,112.080,113.110,111.000,111.490,1128200,126163243.0164
300684,中石科技,2026-09-28 10:05:00,111.500,112.760,109.860,111.550,1487593,164309343.1660
300684,中石科技,2026-09-28 10:10:00,111.770,111.980,110.000,110.680,667674,73927041.2666
300684,中石科技,2026-09-28 10:15:00,110.560,110.570,108.760,108.840,863651,94582785.7495
300684,中石科技,2026-09-28 10:20:00,108.770,109.210,108.080,108.090,854740,92687574.5575
300684,中石科技,2026-09-28 10:25:00,108.360,108.940,108.000,108.820,712794,77226258.0560
300684,中石科技,2026-09-28 10:30:00,108.800,109.600,108.600,109.260,401900,43872321.9612
300684,中石科技,2026-09-28 10:35:00,109.270,109.970,108.900,109.360,492200,53905475.0137
300684,中石科技,2026-09-28 10:40:00,109.360,109.960,108.590,109.500,418799,45769968.0234
300684,中石科技,2026-09-28 10:45:00,109.340,109.760,109.120,109.300,369200,40410346.9844
300684,中石科技,2026-09-28 10:50:00,109.210,110.470,109.140,110.250,413200,45373320.0254
300684,中石科技,2026-09-28 10:55:00,110.300,111.670,110.000,111.080,445444,49400127.4492
300684,中石科技,2026-09-28 11:00:00,111.080,111.430,110.200,110.900,352300,39024752.9844
300684,中石科技,2026-09-28 11:05:00,110.790,111.580,110.440,111.410,202700,22497520.4697
300684,中石科技,2026-09-28 11:10:00,111.430,111.970,110.610,110.730,212100,23615892.6224
300684,中石科技,2026-09-28 11:15:00,110.890,111.160,110.400,110.660,202400,22426748.5293
300684,中石科技,2026-09-28 11:20:00,110.540,110.660,109.740,109.870,250100,27524587.9817
300684,中石科技,2026-09-28 11:25:00,109.780,110.100,109.330,109.950,354600,38954123.0775
300684,中石科技,2026-09-28 11:30:00,109.940,110.000,109.340,109.790,260900,28620261.9961
300684,中石科技,2026-09-28 13:05:00,109.790,110.990,109.440,110.330,244100,26928324.0000
300684,中石科技,2026-09-28 13:10:00,110.350,111.290,109.840,111.180,192800,21283408.3916
300684,中石科技,2026-09-28 13:15:00,111.100,111.290,109.800,110.300,232900,25657291.9585
300684,中石科技,2026-09-28 13:20:00,110.300,110.380,109.690,110.000,268500,29550150.0156
300684,中石科技,2026-09-28 13:25:00,110.000,110.140,109.770,110.020,267300,29398423.0000
300684,中石科技,2026-09-28 13:30:00,110.030,110.030,109.420,109.680,331700,36387300.9375
300684,中石科技,2026-09-28 13:35:00,109.550,110.000,109.110,109.540,269000,29452738.0313
300684,中石科技,2026-09-28 13:40:00,109.640,109.640,108.330,108.640,284700,30977734.9941
300684,中石科技,2026-09-28 13:45:00,108.640,108.980,108.300,108.500,300100,32552817.0020
300684,中石科技,2026-09-28 13:50:00,108.510,109.000,108.250,108.780,226700,24630264.9629
300684,中石科技,2026-09-28 13:55:00,108.660,108.950,108.400,108.810,186000,20207224.9334
300684,中石科技,2026-09-28 14:00:00,108.770,109.400,108.450,109.390,158226,17238293.5122
300684,中石科技,2026-09-28 14:05:00,109.400,110.300,108.640,109.990,265178,29020143.2866
300684,中石科技,2026-09-28 14:10:00,109.880,110.200,109.000,109.840,236300,25947763.0000
300684,中石科技,2026-09-28 14:15:00,109.710,111.170,109.510,111.010,297685,32815955.5313
300684,中石科技,2026-09-28 14:20:00,111.160,111.460,110.800,110.900,228600,25401946.0000
300684,中石科技,2026-09-28 14:25:00,110.900,111.560,110.640,111.130,203700,22609241.0542
300684,中石科技,2026-09-28 14:30:00,111.130,111.360,110.340,110.360,221800,24555331.0000
300684,中石科技,2026-09-28 14:35:00,110.370,110.730,110.270,110.690,185000,20433240.0000
300684,中石科技,2026-09-28 14:40:00,110.690,111.100,110.400,110.410,182700,20253373.9966
300684,中石科技,2026-09-28 14:45:00,110.440,110.440,109.280,109.600,330000,36251474.9996
300684,中石科技,2026-09-28 14:50:00,109.540,109.990,109.500,109.720,360100,39498653.0034
300684,中石科技,2026-09-28 14:55:00,109.720,109.860,109.230,109.600,476300,52214946.7070
300684,中石科技,2026-09-28 15:00:00,109.590,109.860,109.200,109.200,566864,62078284.7007
603228,景旺电子,2026-09-28 09:35:00,102.990,103.490,100.030,100.650,1873500,189836302.0078
603228,景旺电子,2026-09-28 09:40:00,100.730,100.760,99.010,99.110,1529490,153058981.7007
603228,景旺电子,2026-09-28 09:45:00,99.120,100.480,99.000,99.630,986200,98165028.5215
603228,景旺电子,2026-09-28 09:50:00,99.600,100.260,98.900,99.040,968917,96362283.9648
603228,景旺电子,2026-09-28 09:55:00,99.040,99.170,98.080,98.390,874009,86194397.7705
603228,景旺电子,2026-09-28 10:00:00,98.400,98.710,97.660,97.660,1485600,145739503.9219
603228,景旺电子,2026-09-28 10:05:00,97.660,99.340,97.500,99.280,1073514,105317208.0132
603228,景旺电子,2026-09-28 10:10:00,99.340,99.500,98.000,98.860,555200,54779425.0781
603228,景旺电子,2026-09-28 10:15:00,98.860,98.860,98.090,98.250,374200,36822803.9512
603228,景旺电子,2026-09-28 10:20:00,98.250,98.270,97.500,97.580,755500,73830079.9570
603228,景旺电子,2026-09-28 10:25:00,97.580,98.030,97.400,97.570,659500,64373012.0078
603228,景旺电子,2026-09-28 10:30:00,97.570,98.110,97.410,97.450,386261,37723785.7725
603228,景旺电子,2026-09-28 10:35:00,97.450,97.490,96.760,96.760,665000,64556723.8738
603228,景旺电子,2026-09-28 10:40:00,96.760,96.810,96.000,96.030,579500,55840354.9336
603228,景旺电子,2026-09-28 10:45:00,96.020,96.160,95.680,95.950,657900,63129454.9980
603228,景旺电子,2026-09-28 10:50:00,95.950,96.290,95.650,96.140,443100,42517673.0449
603228,景旺电子,2026-09-28 10:55:00,96.140,96.800,95.910,96.370,442295,42601989.5322
603228,景旺电子,2026-09-28 11:00:00,96.390,96.450,95.810,96.010,195689,18791858.4369
603228,景旺电子,2026-09-28 11:05:00,96.020,96.660,95.950,96.500,325700,31331496.9531
603228,景旺电子,2026-09-28 11:10:00,96.500,96.780,95.780,95.800,290300,27929772.9434
603228,景旺电子,2026-09-28 11:15:00,95.800,96.090,95.710,95.740,199700,19147966.9902
603228,景旺电子,2026-09-28 11:20:00,95.740,95.740,95.370,95.400,259800,24818422.0000
603228,景旺电子,2026-09-28 11:25:00,95.420,95.930,95.300,95.620,221400,21150244.9824
603228,景旺电子,2026-09-28 11:30:00,95.590,95.700,95.050,95.500,349100,33279555.0293
603228,景旺电子,2026-09-28 13:05:00,95.700,96.330,95.520,95.800,501000,48052407.9668
603228,景旺电子,2026-09-28 13:10:00,95.800,95.800,95.210,95.530,396500,37861548.0117
603228,景旺电子,2026-09-28 13:15:00,95.570,95.750,94.800,95.080,662300,62965698.9531
603228,景旺电子,2026-09-28 13:20:00,95.080,95.380,94.510,94.800,436000,41332413.9980
603228,景旺电子,2026-09-28 13:25:00,94.820,94.860,94.510,94.700,282400,26752314.0332
603228,景旺电子,2026-09-28 13:30:00,94.700,94.840,94.500,94.560,257300,24361658.0195
603228,景旺电子,2026-09-28 13:35:00,94.540,94.550,94.060,94.360,334800,31570627.9980
603228,景旺电子,2026-09-28 13:40:00,94.370,94.420,93.750,93.990,513300,48247664.0195
603228,景旺电子,2026-09-28 13:45:00,94.010,94.220,93.880,94.210,254800,23961962.0000
603228,景旺电子,2026-09-28 13:50:00,94.220,94.330,93.910,94.010,266400,25064542.0000
603228,景旺电子,2026-09-28 13:55:00,94.030,94.330,93.800,93.980,293300,27575232.9551
603228,景旺电子,2026-09-28 14:00:00,94.010,94.060,93.750,94.060,314300,29513250.0430
603228,景旺电子,2026-09-28 14:05:00,94.060,94.530,93.860,94.470,327300,30810853.9883
603228,景旺电子,2026-09-28 14:10:00,94.450,94.840,94.410,94.670,272200,25750909.0059
603228,景旺电子,2026-09-28 14:15:00,94.670,95.090,94.650,95.050,434600,41233401.1973
603228,景旺电子,2026-09-28 14:20:00,95.070,95.100,94.500,94.610,394500,37401979.0215
603228,景旺电子,2026-09-28 14:25:00,94.620,94.670,94.300,94.340,261800,24726794.0000
603228,景旺电子,2026-09-28 14:30:00,94.340,94.350,93.870,93.940,345900,32532564.9785
603228,景旺电子,2026-09-28 14:35:00,93.940,94.030,93.540,93.840,556300,52161715.9395
603228,景旺电子,2026-09-28 14:40:00,93.840,94.030,93.820,93.980,257500,24189265.0195
603228,景旺电子,2026-09-28 14:45:00,93.980,94.130,93.850,93.910,356800,33533183.4707
603228,景旺电子,2026-09-28 14:50:00,93.900,94.030,93.780,93.920,422400,39666487.0176
603228,景旺电子,2026-09-28 14:55:00,93.910,94.350,93.680,93.970,972059,91280967.0745
603228,景旺电子,2026-09-28 15:00:00,93.960,95.000,93.500,95.000,1126989,106171350.9570
300570,太辰光,2026-09-28 09:35:00,217.330,217.860,211.880,212.600,899420,192764864.6921
300570,太辰光,2026-09-28 09:40:00,212.660,212.790,207.700,208.020,1021610,214586055.5254
300570,太辰光,2026-09-28 09:45:00,208.060,209.790,207.000,207.730,819275,170345612.3425
300570,太辰光,2026-09-28 09:50:00,207.730,209.170,205.190,205.330,923425,190747080.7965
300570,太辰光,2026-09-28 09:55:00,205.500,207.590,205.300,206.400,485389,100170796.0575
300570,太辰光,2026-09-28 10:00:00,206.380,207.480,204.620,204.620,428914,88146385.9694
300570,太辰光,2026-09-28 10:05:00,204.700,206.960,203.300,206.790,409277,83828062.8977
300570,太辰光,2026-09-28 10:10:00,206.790,206.960,205.200,206.900,231410,47718227.2505
300570,太辰光,2026-09-28 10:15:00,206.960,206.990,205.010,205.800,212700,43815780.6289
300570,太辰光,2026-09-28 10:20:00,205.800,205.840,203.880,204.260,330100,67546183.5313
300570,太辰光,2026-09-28 10:25:00,204.160,205.120,204.120,204.810,214800,43925949.0039
300570,太辰光,2026-09-28 10:30:00,204.810,206.500,204.400,204.560,270000,55505831.9883
300570,太辰光,2026-09-28 10:35:00,204.560,204.790,202.970,202.970,312100,63627234.6836
300570,太辰光,2026-09-28 10:40:00,202.970,202.970,201.070,201.160,531282,107332568.5217
300570,太辰光,2026-09-28 10:45:00,201.380,202.500,200.780,200.780,275100,55456121.6362
300570,太辰光,2026-09-28 10:50:00,200.780,201.980,200.240,201.970,306800,61643543.0117
300570,太辰光,2026-09-28 10:55:00,201.740,203.690,201.040,202.700,224234,45427957.9293
300570,太辰光,2026-09-28 11:00:00,202.700,202.960,201.250,202.500,124200,25109238.9922
300570,太辰光,2026-09-28 11:05:00,202.490,203.870,202.330,203.780,143600,29175406.0000
300570,太辰光,2026-09-28 11:10:00,203.780,204.800,202.120,202.500,167000,33980878.9805
300570,太辰光,2026-09-28 11:15:00,202.270,203.330,202.030,202.620,93600,18961899.9961
300570,太辰光,2026-09-28 11:20:00,202.620,202.620,200.760,201.300,152700,30745954.8867
300570,太辰光,2026-09-28 11:25:00,201.200,202.370,200.840,201.770,96649,19473409.8232
300570,太辰光,2026-09-28 11:30:00,201.770,202.360,201.000,201.830,83370,16801772.0039
300570,太辰光,2026-09-28 13:05:00,202.170,204.300,201.800,203.000,156800,31899495.9922
300570,太辰光,2026-09-28 13:10:00,203.000,204.000,201.830,203.830,132100,26767705.9805
300570,太辰光,2026-09-28 13:15:00,203.970,204.100,201.550,202.540,97300,19675620.0000
300570,太辰光,2026-09-28 13:20:00,202.240,202.800,200.700,201.260,118430,23881539.9961
300570,太辰光,2026-09-28 13:25:00,201.260,201.580,200.660,200.930,149200,29983892.9922
300570,太辰光,2026-09-28 13:30:00,200.930,201.500,200.720,201.010,65200,13106480.0078
300570,太辰光,2026-09-28 13:35:00,201.010,201.520,200.680,201.300,83000,16674106.0078
300570,太辰光,2026-09-28 13:40:00,201.290,201.290,200.000,200.500,204200,40913565.1642
300570,太辰光,2026-09-28 13:45:00,200.060,201.190,200.020,200.960,122200,24500828.0000
300570,太辰光,2026-09-28 13:50:00,200.820,201.500,200.530,201.370,77900,15671376.9922
300570,太辰光,2026-09-28 13:55:00,201.180,202.000,201.100,201.350,74300,14971842.0273
300570,太辰光,2026-09-28 14:00:00,201.410,201.500,200.500,201.100,93600,18807688.0234
300570,太辰光,2026-09-28 14:05:00,201.480,202.320,200.110,201.770,121200,24364486.0156
300570,太辰光,2026-09-28 14:10:00,202.100,202.500,200.930,201.870,117400,23691186.0117
300570,太辰光,2026-09-28 14:15:00,201.540,204.300,201.520,204.300,223595,45382463.1750
300570,太辰光,2026-09-28 14:20:00,204.270,204.480,202.850,202.890,179689,36575033.9961
300570,太辰光,2026-09-28 14:25:00,202.890,203.900,202.500,203.360,104600,21240925.0547
300570,太辰光,2026-09-28 14:30:00,203.040,203.350,201.810,202.000,136300,27585419.0078
300570,太辰光,2026-09-28 14:35:00,202.000,202.650,201.900,202.480,125712,25426436.1677
300570,太辰光,2026-09-28 14:40:00,202.330,202.950,201.920,202.000,136380,27585208.2744
300570,太辰光,2026-09-28 14:45:00,202.000,203.250,201.770,202.250,195100,39481822.0313
300570,太辰光,2026-09-28 14:50:00,202.240,202.970,202.100,202.180,174100,35241444.9883
300570,太辰光,2026-09-28 14:55:00,202.020,202.310,201.790,201.970,308200,62266100.9414
300570,太辰光,2026-09-28 15:00:00,201.930,202.370,201.530,202.370,403923,81687242.4072
000823,超声电子,2026-09-28 09:35:00,24.000,24.390,23.330,23.530,28140127,671131262.1547
000823,超声电子,2026-09-28 09:40:00,23.530,23.700,23.050,23.260,15833469,370144011.6701
000823,超声电子,2026-09-28 09:45:00,23.260,23.540,23.100,23.280,6384251,148701471.9257
000823,超声电子,2026-09-28 09:50:00,23.300,23.480,22.920,22.960,6547643,151691120.5502
000823,超声电子,2026-09-28 09:55:00,22.960,23.060,22.830,22.980,9291468,212919263.3667
000823,超声电子,2026-09-28 10:00:00,23.010,23.200,22.930,22.970,3179458,73262923.3041
000823,超声电子,2026-09-28 10:05:00,22.930,23.000,22.530,23.000,5789478,131572334.7588
000823,超声电子,2026-09-28 10:10:00,23.000,23.390,22.940,23.160,3427098,79336559.8108
000823,超声电子,2026-09-28 10:15:00,23.170,23.170,22.710,22.730,2070210,47356878.3671
000823,超声电子,2026-09-28 10:20:00,22.720,22.740,22.310,22.560,4667912,105104874.3083
000823,超声电子,2026-09-28 10:25:00,22.560,22.730,22.430,22.500,2428900,54772337.9111
000823,超声电子,2026-09-28 10:30:00,22.540,22.740,22.520,22.530,1692500,38318068.9253
000823,超声电子,2026-09-28 10:35:00,22.530,22.550,22.180,22.220,4057000,90569420.0083
000823,超声电子,2026-09-28 10:40:00,22.220,22.310,22.040,22.170,5133767,113874905.1682
000823,超声电子,2026-09-28 10:45:00,22.170,22.280,22.030,22.030,7300198,161193921.4398
000823,超声电子,2026-09-28 10:50:00,22.030,22.280,22.030,22.230,4699665,103691081.2094
000823,超声电子,2026-09-28 10:55:00,22.240,22.780,22.190,22.620,3773124,85021125.6568
000823,超声电子,2026-09-28 11:00:00,22.640,22.730,22.440,22.600,1537028,34741141.2178
000823,超声电子,2026-09-28 11:05:00,22.620,22.950,22.560,22.790,2176600,49576974.4160
000823,超声电子,2026-09-28 11:10:00,22.800,22.900,22.540,22.540,1287900,29309752.9912
000823,超声电子,2026-09-28 11:15:00,22.530,22.630,22.400,22.420,814600,18323704.0306
000823,超声电子,2026-09-28 11:20:00,22.420,22.420,22.200,22.290,1115163,24834633.1503
000823,超声电子,2026-09-28 11:25:00,22.280,22.410,22.250,22.350,701100,15645510.0479
000823,超声电子,2026-09-28 11:30:00,22.350,22.370,22.200,22.340,602744,13411376.6404
000823,超声电子,2026-09-28 13:05:00,22.340,22.480,22.300,22.310,786700,17615138.0005
000823,超声电子,2026-09-28 13:10:00,22.300,22.440,22.160,22.400,1251837,27837566.1616
000823,超声电子,2026-09-28 13:15:00,22.400,22.410,22.150,22.230,1001500,22259785.9692
000823,超声电子,2026-09-28 13:20:00,22.220,22.360,22.160,22.250,873000,19412122.0259
000823,超声电子,2026-09-28 13:25:00,22.230,22.270,22.100,22.170,1537250,34062045.7760
000823,超声电子,2026-09-28 13:30:00,22.160,22.200,22.090,22.140,1159761,25664656.4451
000823,超声电子,2026-09-28 13:35:00,22.140,22.240,22.030,22.200,2089695,46162705.1707
000823,超声电子,2026-09-28 13:40:00,22.190,22.220,22.030,22.110,1312359,28966768.8604
000823,超声电子,2026-09-28 13:45:00,22.110,22.200,22.080,22.190,714042,15800657.1514
000823,超声电子,2026-09-28 13:50:00,22.190,22.190,22.090,22.180,747513,16550630.4315
000823,超声电子,2026-09-28 13:55:00,22.190,22.240,22.120,22.190,682500,15138560.9980
000823,超声电子,2026-09-28 14:00:00,22.190,22.200,22.110,22.110,527200,11671278.0098
000823,超声电子,2026-09-28 14:05:00,22.120,22.330,22.090,22.330,905446,20089760.7573
000823,超声电子,2026-09-28 14:10:00,22.330,22.450,22.280,22.410,991664,22165716.1344
000823,超声电子,2026-09-28 14:15:00,22.400,22.680,22.390,22.680,1560800,35209402.0977
000823,超声电子,2026-09-28 14:20:00,22.680,22.700,22.450,22.460,1821900,41101015.0186
000823,超声电子,2026-09-28 14:25:00,22.450,22.620,22.360,22.490,1418600,31835065.0845
000823,超声电子,2026-09-28 14:30:00,22.530,22.530,22.230,22.360,841600,18796752.0205
000823,超声电子,2026-09-28 14:35:00,22.360,22.360,22.250,22.310,1056183,23555289.9078
000823,超声电子,2026-09-28 14:40:00,22.310,22.400,22.280,22.330,1364979,30479313.2856
000823,超声电子,2026-09-28 14:45:00,22.330,22.380,22.210,22.250,2004523,44702478.1420
000823,超声电子,2026-09-28 14:50:00,22.250,22.310,22.200,22.220,2597800,57804910.9712
000823,超声电子,2026-09-28 14:55:00,22.220,22.260,22.180,22.200,4285680,95201943.1818
000823,超声电子,2026-09-28 15:00:00,22.190,22.280,22.150,22.180,5970548,132507938.2559
002119,康强电子,2026-09-28 09:35:00,27.370,28.860,27.370,28.520,25341807,713157459.9969
002119,康强电子,2026-09-28 09:40:00,28.520,29.050,27.930,28.230,11442399,326632182.9793
002119,康强电子,2026-09-28 09:45:00,28.170,28.360,27.920,28.270,4809480,135406803.2068
002119,康强电子,2026-09-28 09:50:00,28.250,28.490,28.030,28.060,2953400,83338600.9240
002119,康强电子,2026-09-28 09:55:00,28.060,28.300,28.040,28.140,2521300,71110041.0945
002119,康强电子,2026-09-28 10:00:00,28.130,28.480,28.080,28.430,2575700,72903379.2471
002119,康强电子,2026-09-28 10:05:00,28.410,28.450,28.100,28.220,1690029,47678556.9601
002119,康强电子,2026-09-28 10:10:00,28.220,28.440,28.180,28.380,1392313,39375222.1184
002119,康强电子,2026-09-28 10:15:00,28.370,28.400,28.200,28.240,1289069,36454049.8199
002119,康强电子,2026-09-28 10:20:00,28.230,28.240,27.810,28.020,2631770,73788663.2115
002119,康强电子,2026-09-28 10:25:00,28.010,28.140,27.970,28.000,1208775,33899168.9225
002119,康强电子,2026-09-28 10:30:00,28.000,28.150,27.900,28.070,985725,27619261.7500
002119,康强电子,2026-09-28 10:35:00,28.070,28.130,28.010,28.020,726700,20392295.0059
002119,康强电子,2026-09-28 10:40:00,28.030,28.070,27.890,27.900,1031900,28867707.9980
002119,康强电子,2026-09-28 10:45:00,27.890,27.970,27.610,27.850,1898200,52781349.0626
002119,康强电子,2026-09-28 10:50:00,27.840,28.030,27.750,27.950,1196688,33371560.0462
002119,康强电子,2026-09-28 10:55:00,27.930,28.080,27.850,27.970,770500,21553908.0059
002119,康强电子,2026-09-28 11:00:00,27.960,28.020,27.810,27.900,729400,20346922.0000
002119,康强电子,2026-09-28 11:05:00,27.900,28.310,27.880,28.310,1551520,43532125.1966
002119,康强电子,2026-09-28 11:10:00,28.310,28.650,28.240,28.250,2156400,61343576.4997
002119,康强电子,2026-09-28 11:15:00,28.230,28.260,28.060,28.100,843797,23747404.9597
002119,康强电子,2026-09-28 11:20:00,28.100,28.120,27.940,27.960,689360,19307524.5977
002119,康强电子,2026-09-28 11:25:00,27.960,28.090,27.900,28.030,950500,26588865.0000
002119,康强电子,2026-09-28 11:30:00,28.040,28.050,27.920,27.990,659751,18461380.9749
002119,康强电子,2026-09-28 13:05:00,27.980,28.830,27.970,28.800,2371187,67485443.7584
002119,康强电子,2026-09-28 13:10:00,28.800,30.380,28.800,29.850,11097705,330442483.1322
002119,康强电子,2026-09-28 13:15:00,29.830,30.650,29.640,30.000,5939636,179389030.8690
002119,康强电子,2026-09-28 13:20:00,30.010,30.260,29.570,29.990,2984980,89416222.5851
002119,康强电子,2026-09-28 13:25:00,29.990,30.100,29.840,30.000,2350900,70461287.0000
002119,康强电子,2026-09-28 13:30:00,30.000,30.490,29.980,30.210,2574000,77789954.0000
002119,康强电子,2026-09-28 13:35:00,30.200,30.210,29.720,29.720,2009000,60090411.2567
002119,康强电子,2026-09-28 13:40:00,29.730,29.730,29.100,29.310,1997900,58675490.0039
002119,康强电子,2026-09-28 13:45:00,29.320,29.560,29.310,29.560,848405,24937956.6998
002119,康强电子,2026-09-28 13:50:00,29.550,29.980,29.300,29.740,1651700,48929266.0088
002119,康强电子,2026-09-28 13:55:00,29.730,29.890,29.520,29.520,1079615,32079994.3011
002119,康强电子,2026-09-28 14:00:00,29.530,29.540,29.310,29.530,859887,25272926.7664
002119,康强电子,2026-09-28 14:05:00,29.530,29.530,29.080,29.420,1524009,44600339.0970
002119,康强电子,2026-09-28 14:10:00,29.410,29.460,29.190,29.310,706000,20694289.0000
002119,康强电子,2026-09-28 14:15:00,29.300,29.400,29.250,29.310,645700,18940655.0000
002119,康强电子,2026-09-28 14:20:00,29.300,29.670,29.270,29.610,1067375,31443351.5467
002119,康强电子,2026-09-28 14:25:00,29.600,29.820,29.550,29.560,1398203,41508531.2754
002119,康强电子,2026-09-28 14:30:00,29.560,29.560,29.300,29.310,1023622,30109011.5826
002119,康强电子,2026-09-28 14:35:00,29.310,29.320,29.210,29.240,1152847,33727724.8380
002119,康强电子,2026-09-28 14:40:00,29.250,29.400,29.230,29.260,976500,28597917.0020
002119,康强电子,2026-09-28 14:45:00,29.250,29.360,29.240,29.350,1223000,35805214.0000
002119,康强电子,2026-09-28 14:50:00,29.350,29.390,29.160,29.290,1706437,49959694.8471
002119,康强电子,2026-09-28 14:55:00,29.290,29.930,29.160,29.670,3620820,106611651.7729
002119,康强电子,2026-09-28 15:00:00,29.670,29.750,29.520,29.710,3650512,108332491.4240
300300,海峡创新,2026-09-28 09:35:00,10.400,11.480,10.330,11.440,70475471,762509385.6461
300300,海峡创新,2026-09-28 09:40:00,11.460,11.600,11.100,11.200,34518814,391775476.3011
300300,海峡创新,2026-09-28 09:45:00,11.200,11.470,11.110,11.340,14245413,160951931.9280
300300,海峡创新,2026-09-28 09:50:00,11.340,11.430,11.110,11.150,8580334,96890305.6954
300300,海峡创新,2026-09-28 09:55:00,11.150,11.390,11.150,11.340,4652219,52608085.3817
300300,海峡创新,2026-09-28 10:00:00,11.340,11.360,11.160,11.260,3306100,37213672.9134
300300,海峡创新,2026-09-28 10:05:00,11.260,11.330,11.170,11.330,3016810,33895517.5833
300300,海峡创新,2026-09-28 10:10:00,11.320,11.500,11.240,11.390,6103873,69545952.1926
300300,海峡创新,2026-09-28 10:15:00,11.400,11.500,11.310,11.500,6289436,71912315.0616
300300,海峡创新,2026-09-28 10:20:00,11.500,11.800,11.470,11.630,10617500,123726629.2217
300300,海峡创新,2026-09-28 10:25:00,11.630,11.790,11.420,11.570,5095466,59232106.3003
300300,海峡创新,2026-09-28 10:30:00,11.570,11.600,11.450,11.540,2625901,30230378.3616
300300,海峡创新,2026-09-28 10:35:00,11.540,11.540,11.350,11.460,2251616,25742084.9185
300300,海峡创新,2026-09-28 10:40:00,11.460,11.550,11.420,11.430,1531850,17585358.3979
300300,海峡创新,2026-09-28 10:45:00,11.420,11.590,11.410,11.530,1621250,18666989.0073
300300,海峡创新,2026-09-28 10:50:00,11.530,11.570,11.480,11.560,1257262,14496265.0818
300300,海峡创新,2026-09-28 10:55:00,11.560,11.670,11.550,11.570,1542600,17902272.0356
300300,海峡创新,2026-09-28 11:00:00,11.580,11.580,11.440,11.460,781600,8997687.0313
300300,海峡创新,2026-09-28 11:05:00,11.450,11.560,11.430,11.430,1009800,11598587.9448
300300,海峡创新,2026-09-28 11:10:00,11.430,11.440,11.240,11.420,2672145,30312511.3972
300300,海峡创新,2026-09-28 11:15:00,11.400,11.430,11.290,11.360,1196157,13599908.3677
300300,海峡创新,2026-09-28 11:20:00,11.360,11.380,11.300,11.320,1034183,11710538.0439
300300,海峡创新,2026-09-28 11:25:00,11.320,11.450,11.270,11.370,1259217,14280852.4511
300300,海峡创新,2026-09-28 11:30:00,11.400,11.550,11.330,11.520,693590,7919110.0039
300300,海峡创新,2026-09-28 13:05:00,11.530,11.550,11.350,11.370,1333100,15244765.0892
300300,海峡创新,2026-09-28 13:10:00,11.370,11.390,11.130,11.160,2240600,25175791.9231
300300,海峡创新,2026-09-28 13:15:00,11.170,11.300,11.120,11.210,2634875,29490884.7400
300300,海峡创新,2026-09-28 13:20:00,11.210,11.410,11.180,11.320,1456500,16429264.8127
300300,海峡创新,2026-09-28 13:25:00,11.320,11.710,11.280,11.690,3950851,45711605.1594
300300,海峡创新,2026-09-28 13:30:00,11.690,11.700,11.480,11.570,2184100,25299476.0156
300300,海峡创新,2026-09-28 13:35:00,11.570,11.570,11.340,11.400,1073385,12284081.2847
300300,海峡创新,2026-09-28 13:40:00,11.390,11.440,11.250,11.380,1090864,12390441.3352
300300,海峡创新,2026-09-28 13:45:00,11.400,11.460,11.310,11.410,956020,10894518.7601
300300,海峡创新,2026-09-28 13:50:00,11.410,11.450,11.320,11.340,781963,8897474.6656
300300,海峡创新,2026-09-28 13:55:00,11.340,11.350,11.160,11.270,2129600,23943595.9884
300300,海峡创新,2026-09-28 14:00:00,11.270,11.350,11.230,11.330,1091400,12313053.0703
300300,海峡创新,2026-09-28 14:05:00,11.330,11.330,11.210,11.210,608100,6859188.0083
300300,海峡创新,2026-09-28 14:10:00,11.220,11.220,11.050,11.180,3505439,38997545.7767
300300,海峡创新,2026-09-28 14:15:00,11.180,11.200,11.090,11.120,1403629,15650271.4492
300300,海峡创新,2026-09-28 14:20:00,11.120,11.180,11.100,11.110,1196700,13334091.9512
300300,海峡创新,2026-09-28 14:25:00,11.120,11.330,11.110,11.260,1335300,14973276.9692
300300,海峡创新,2026-09-28 14:30:00,11.290,11.320,11.220,11.270,1377000,15552509.6411
300300,海峡创新,2026-09-28 14:35:00,11.270,11.280,11.150,11.180,1068170,11967493.9034
300300,海峡创新,2026-09-28 14:40:00,11.190,11.190,11.020,11.090,2624200,29145160.7135
300300,海峡创新,2026-09-28 14:45:00,11.090,11.320,11.060,11.180,2906075,32513660.6246
300300,海峡创新,2026-09-28 14:50:00,11.180,11.190,11.090,11.130,2082359,23175845.8752
300300,海峡创新,2026-09-28 14:55:00,11.140,11.170,11.050,11.130,5067722,56341052.5563
300300,海峡创新,2026-09-28 15:00:00,11.130,11.140,11.060,11.080,6400644,71047658.0647
301689,电科思仪,2026-09-28 09:35:00,81.340,82.170,77.500,79.330,5856625,466896274.8120
301689,电科思仪,2026-09-28 09:40:00,79.310,80.660,77.500,78.640,2090845,164902447.8215
301689,电科思仪,2026-09-28 09:45:00,78.640,78.840,76.880,77.980,1474363,114429224.9172
301689,电科思仪,2026-09-28 09:50:00,77.970,77.980,75.550,76.500,2275041,174080055.1256
301689,电科思仪,2026-09-28 09:55:00,76.320,76.970,75.810,76.070,997217,76114939.7828
301689,电科思仪,2026-09-28 10:00:00,76.030,76.650,75.510,76.470,838306,63691934.0905
301689,电科思仪,2026-09-28 10:05:00,76.410,76.450,75.630,76.000,512300,38899071.1836
301689,电科思仪,2026-09-28 10:10:00,75.990,76.500,74.770,75.060,1167517,88161832.2623
301689,电科思仪,2026-09-28 10:15:00,75.060,75.590,74.000,75.400,896626,67204182.0747
301689,电科思仪,2026-09-28 10:20:00,75.400,75.730,74.000,74.220,476800,35711081.9780
301689,电科思仪,2026-09-28 10:25:00,74.100,75.180,74.010,75.150,316105,23563402.3653
301689,电科思仪,2026-09-28 10:30:00,75.140,75.880,74.870,74.980,444234,33446484.1610
301689,电科思仪,2026-09-28 10:35:00,74.940,75.180,74.500,74.890,307900,23001794.9258
301689,电科思仪,2026-09-28 10:40:00,74.860,75.700,74.780,75.040,453100,34136684.2378
301689,电科思仪,2026-09-28 10:45:00,74.780,75.000,73.340,73.800,643508,47722087.5859
301689,电科思仪,2026-09-28 10:50:00,73.800,74.530,73.330,74.380,345644,25590355.4269
301689,电科思仪,2026-09-28 10:55:00,74.380,75.000,73.990,74.200,289137,21549869.2860
301689,电科思仪,2026-09-28 11:00:00,74.160,74.990,73.900,74.970,248462,18446638.6313
301689,电科思仪,2026-09-28 11:05:00,74.900,75.500,74.560,75.000,295263,22164377.7844
301689,电科思仪,2026-09-28 11:10:00,75.090,76.000,74.930,75.590,469600,35487377.4460
301689,电科思仪,2026-09-28 11:15:00,75.600,75.800,74.960,74.990,265100,20002615.8369
301689,电科思仪,2026-09-28 11:20:00,74.960,75.760,74.300,74.970,160037,11993843.6255
301689,电科思仪,2026-09-28 11:25:00,74.970,75.400,74.930,75.190,74150,5568560.3141
301689,电科思仪,2026-09-28 11:30:00,75.160,75.680,74.930,75.270,162533,12216593.2845
301689,电科思仪,2026-09-28 13:05:00,75.320,79.850,75.280,79.260,965960,74865060.1319
301689,电科思仪,2026-09-28 13:10:00,79.290,79.790,78.000,79.370,914532,72307494.3965
301689,电科思仪,2026-09-28 13:15:00,79.370,83.000,78.880,82.240,1305066,105528518.3148
301689,电科思仪,2026-09-28 13:20:00,82.170,83.590,80.000,83.440,1024051,83703461.3092
301689,电科思仪,2026-09-28 13:25:00,83.460,83.660,82.000,83.000,652204,54073112.9876
301689,电科思仪,2026-09-28 13:30:00,82.660,88.600,82.310,86.800,1121041,96705650.2256
301689,电科思仪,2026-09-28 13:35:00,86.800,86.900,83.890,85.070,632300,54124273.9357
301689,电科思仪,2026-09-28 13:40:00,85.070,87.000,85.000,86.000,482584,41697998.5676
301689,电科思仪,2026-09-28 13:45:00,86.000,89.990,85.010,89.700,650758,57619683.2683
301689,电科思仪,2026-09-28 13:50:00,89.500,89.700,86.880,87.490,502685,44303409.3808
301689,电科思仪,2026-09-28 13:55:00,87.490,87.490,85.300,85.400,314200,27113776.9023
301689,电科思仪,2026-09-28 14:00:00,85.330,86.700,85.000,86.490,220136,18908430.2710
301689,电科思仪,2026-09-28 14:05:00,86.490,86.700,85.590,85.980,189455,16335365.7525
301689,电科思仪,2026-09-28 14:10:00,85.910,86.000,84.760,85.010,232052,19763022.2129
301689,电科思仪,2026-09-28 14:15:00,85.000,87.400,84.780,86.530,213988,18461828.6943
301689,电科思仪,2026-09-28 14:20:00,86.530,87.180,86.000,86.380,149700,12998411.9980
301689,电科思仪,2026-09-28 14:25:00,86.380,86.440,85.500,85.900,125700,10819216.0137
301689,电科思仪,2026-09-28 14:30:00,85.810,85.820,84.900,85.060,153200,13062804.9824
301689,电科思仪,2026-09-28 14:35:00,85.060,86.440,85.040,85.060,138000,11806661.0625
301689,电科思仪,2026-09-28 14:40:00,85.060,85.980,84.900,84.910,134100,11441538.0098
301689,电科思仪,2026-09-28 14:45:00,84.910,85.500,83.880,85.200,350165,29650175.7136
301689,电科思仪,2026-09-28 14:50:00,85.280,86.560,85.000,85.500,312600,26801018.3359
301689,电科思仪,2026-09-28 14:55:00,85.500,85.990,84.600,84.900,381700,32549713.0159
301689,电科思仪,2026-09-28 15:00:00,84.680,85.580,84.680,85.100,493941,42104595.1406
300750,宁德时代,2026-09-28 09:35:00,289.000,290.760,286.980,287.230,5474197,1579374831.1121
300750,宁德时代,2026-09-28 09:40:00,287.230,288.850,287.230,288.010,1999813,575999674.7612
300750,宁德时代,2026-09-28 09:45:00,288.000,288.200,286.660,287.650,1642958,471972730.1805
300750,宁德时代,2026-09-28 09:50:00,287.650,288.770,287.100,287.370,1044897,300944322.8389
300750,宁德时代,2026-09-28 09:55:00,287.380,288.180,287.050,287.490,1103740,317433233.2808
300750,宁德时代,2026-09-28 10:00:00,287.570,288.160,287.200,287.560,638304,183568998.5784
300750,宁德时代,2026-09-28 10:05:00,287.580,288.890,287.570,288.200,1153446,332407682.9414
300750,宁德时代,2026-09-28 10:10:00,288.300,288.540,287.170,287.950,682231,196263410.6524
300750,宁德时代,2026-09-28 10:15:00,287.930,289.480,287.590,288.950,759578,219208942.7026
300750,宁德时代,2026-09-28 10:20:00,288.910,290.490,288.880,289.870,1046000,302962537.7642
300750,宁德时代,2026-09-28 10:25:00,289.850,292.500,289.850,291.990,1164860,339502470.0215
300750,宁德时代,2026-09-28 10:30:00,291.990,292.090,290.320,291.010,719700,209596660.1191
300750,宁德时代,2026-09-28 10:35:00,291.000,292.480,290.730,292.480,931900,271690054.1406
300750,宁德时代,2026-09-28 10:40:00,292.470,292.660,290.780,290.890,626300,182769307.9302
300750,宁德时代,2026-09-28 10:45:00,290.890,291.580,290.830,291.300,467323,136081497.5648
300750,宁德时代,2026-09-28 10:50:00,291.330,291.600,290.020,290.450,407200,118425157.3125
300750,宁德时代,2026-09-28 10:55:00,290.450,290.840,290.130,290.200,353700,102734403.3164
300750,宁德时代,2026-09-28 11:00:00,290.180,290.200,289.540,289.960,439290,127338442.2587
300750,宁德时代,2026-09-28 11:05:00,289.900,291.280,289.900,291.100,417200,121334500.3334
300750,宁德时代,2026-09-28 11:10:00,291.110,291.680,290.940,291.600,375469,109377388.2492
300750,宁德时代,2026-09-28 11:15:00,291.570,292.290,291.120,291.130,385365,112440090.0066
300750,宁德时代,2026-09-28 11:20:00,291.130,291.260,290.880,291.010,351300,102277651.3965
300750,宁德时代,2026-09-28 11:25:00,291.010,291.250,290.900,290.990,266400,77541702.0273
300750,宁德时代,2026-09-28 11:30:00,290.990,291.810,290.990,291.810,253407,73809967.2163
300750,宁德时代,2026-09-28 13:05:00,291.800,292.660,291.600,292.280,1040928,304197369.2813
300750,宁德时代,2026-09-28 13:10:00,292.280,292.290,291.600,291.710,403500,117778631.4746
300750,宁德时代,2026-09-28 13:15:00,291.730,291.770,291.000,291.140,302500,88137066.7871
300750,宁德时代,2026-09-28 13:20:00,291.150,291.250,290.750,291.030,473000,137653550.2402
300750,宁德时代,2026-09-28 13:25:00,291.030,291.050,290.160,290.240,400899,116498555.0117
300750,宁德时代,2026-09-28 13:30:00,290.240,291.220,290.110,290.860,374100,108794961.1563
300750,宁德时代,2026-09-28 13:35:00,290.840,290.840,290.200,290.270,314700,91405397.4531
300750,宁德时代,2026-09-28 13:40:00,290.260,290.400,290.000,290.050,320700,93046680.5332
300750,宁德时代,2026-09-28 13:45:00,290.080,290.360,289.910,290.330,415800,120599275.0098
300750,宁德时代,2026-09-28 13:50:00,290.320,290.440,289.620,289.780,386300,112049163.0176
300750,宁德时代,2026-09-28 13:55:00,289.770,290.800,289.630,290.770,364800,105833324.9316
300750,宁德时代,2026-09-28 14:00:00,290.770,291.260,290.000,291.250,421916,122741350.1074
300750,宁德时代,2026-09-28 14:05:00,291.250,291.290,290.500,291.040,337700,98237490.4355
300750,宁德时代,2026-09-28 14:10:00,291.040,291.700,291.020,291.200,397900,115957618.3203
300750,宁德时代,2026-09-28 14:15:00,291.220,291.660,291.000,291.340,421152,122651620.7354
300750,宁德时代,2026-09-28 14:20:00,291.340,291.690,291.240,291.530,402718,117398120.0701
300750,宁德时代,2026-09-28 14:25:00,291.530,292.000,291.210,291.580,604240,176184754.7754
300750,宁德时代,2026-09-28 14:30:00,291.560,291.580,290.940,291.150,399700,116382985.8853
300750,宁德时代,2026-09-28 14:35:00,291.120,291.570,290.710,291.540,435780,126867264.4238
300750,宁德时代,2026-09-28 14:40:00,291.540,291.900,291.450,291.540,477500,139285125.6934
300750,宁德时代,2026-09-28 14:45:00,291.530,292.140,291.340,291.910,608151,177470601.7100
300750,宁德时代,2026-09-28 14:50:00,291.910,292.060,291.320,291.380,610516,178107131.7930
300750,宁德时代,2026-09-28 14:55:00,291.330,291.400,291.020,291.290,635882,185175194.6855
300750,宁德时代,2026-09-28 15:00:00,291.300,291.990,291.090,291.990,659400,192319230.4077
688256,寒武纪,2026-09-28 09:35:00,1075.000,1080.000,1051.000,1054.060,961132,1018638778.2327
688256,寒武纪,2026-09-28 09:40:00,1054.430,1056.020,1035.000,1036.500,772908,807461498.1541
688256,寒武纪,2026-09-28 09:45:00,1037.010,1047.000,1033.330,1039.960,513734,533471955.0258
688256,寒武纪,2026-09-28 09:50:00,1039.960,1042.990,1035.430,1038.040,324005,336572689.1813
688256,寒武纪,2026-09-28 09:55:00,1038.040,1049.880,1038.010,1044.000,280826,293448930.7288
688256,寒武纪,2026-09-28 10:00:00,1043.970,1046.310,1037.000,1043.570,182071,189639309.8677
688256,寒武纪,2026-09-28 10:05:00,1040.270,1042.470,1034.950,1041.220,299653,311108051.5538
688256,寒武纪,2026-09-28 10:10:00,1041.220,1043.570,1035.070,1042.730,164834,171130788.3008
688256,寒武纪,2026-09-28 10:15:00,1042.690,1043.800,1037.000,1041.270,182804,190162378.8405
688256,寒武纪,2026-09-28 10:20:00,1041.290,1042.800,1038.800,1039.000,135886,141412001.2007
688256,寒武纪,2026-09-28 10:25:00,1039.000,1041.910,1038.500,1041.000,82213,85483684.2340
688256,寒武纪,2026-09-28 10:30:00,1040.000,1041.800,1035.380,1035.380,111032,115355089.0586
688256,寒武纪,2026-09-28 10:35:00,1035.390,1036.200,1030.680,1031.970,251816,260246223.2875
688256,寒武纪,2026-09-28 10:40:00,1030.680,1034.500,1030.100,1030.940,132408,136584373.4056
688256,寒武纪,2026-09-28 10:45:00,1030.100,1033.150,1026.800,1026.800,227365,234011908.2640
688256,寒武纪,2026-09-28 10:50:00,1026.600,1031.290,1026.290,1030.990,162053,166762128.2721
688256,寒武纪,2026-09-28 10:55:00,1030.990,1031.000,1027.000,1027.000,114169,117527789.1956
688256,寒武纪,2026-09-28 11:00:00,1027.000,1027.720,1020.000,1024.980,313470,320632756.2940
688256,寒武纪,2026-09-28 11:05:00,1024.980,1036.530,1024.980,1036.530,153839,158693769.3995
688256,寒武纪,2026-09-28 11:10:00,1036.550,1037.000,1030.000,1030.180,96667,99968117.8606
688256,寒武纪,2026-09-28 11:15:00,1030.180,1031.820,1026.740,1027.950,67456,69445747.1469
688256,寒武纪,2026-09-28 11:20:00,1027.110,1029.120,1022.500,1022.560,89772,91957063.4598
688256,寒武纪,2026-09-28 11:25:00,1022.990,1028.610,1021.000,1024.970,92539,94816262.5154
688256,寒武纪,2026-09-28 11:30:00,1024.970,1027.290,1024.000,1026.800,74188,76027080.9768
688256,寒武纪,2026-09-28 13:05:00,1026.800,1036.800,1026.020,1034.940,145700,150615224.6852
688256,寒武纪,2026-09-28 13:10:00,1033.410,1035.500,1028.020,1034.010,100046,103216953.8655
688256,寒武纪,2026-09-28 13:15:00,1035.440,1035.440,1028.030,1031.240,91803,94713304.7819
688256,寒武纪,2026-09-28 13:20:00,1031.250,1032.640,1028.010,1029.400,58896,60651527.7123
688256,寒武纪,2026-09-28 13:25:00,1030.620,1031.170,1028.000,1028.000,64449,66334374.5319
688256,寒武纪,2026-09-28 13:30:00,1028.340,1031.170,1027.480,1028.000,55235,56845567.0536
688256,寒武纪,2026-09-28 13:35:00,1027.490,1028.920,1025.000,1028.220,67675,69459417.8374
688256,寒武纪,2026-09-28 13:40:00,1026.950,1026.990,1022.000,1024.090,82943,85028681.8154
688256,寒武纪,2026-09-28 13:45:00,1024.410,1026.970,1023.180,1026.670,61020,62527222.3845
688256,寒武纪,2026-09-28 13:50:00,1026.050,1028.880,1025.000,1026.000,66141,67889363.9353
688256,寒武纪,2026-09-28 13:55:00,1026.000,1028.840,1025.650,1027.020,48431,49743547.6992
688256,寒武纪,2026-09-28 14:00:00,1027.020,1029.000,1025.120,1028.610,60621,62277158.9570
688256,寒武纪,2026-09-28 14:05:00,1028.590,1031.100,1024.470,1030.950,102669,105515248.3344
688256,寒武纪,2026-09-28 14:10:00,1030.940,1034.000,1029.060,1033.880,80137,82659633.9896
688256,寒武纪,2026-09-28 14:15:00,1033.800,1037.200,1032.000,1036.740,111201,115111406.1992
688256,寒武纪,2026-09-28 14:20:00,1036.740,1039.000,1035.000,1035.000,101319,105095853.9286
688256,寒武纪,2026-09-28 14:25:00,1034.350,1038.000,1032.950,1035.000,88094,91184929.7181
688256,寒武纪,2026-09-28 14:30:00,1034.030,1035.000,1029.000,1030.080,134995,139181469.7859
688256,寒武纪,2026-09-28 14:35:00,1030.080,1030.080,1026.690,1028.970,96107,98829606.8104
688256,寒武纪,2026-09-28 14:40:00,1028.610,1029.450,1026.000,1027.500,95280,97928545.6162
688256,寒武纪,2026-09-28 14:45:00,1027.140,1027.950,1022.720,1024.010,197750,202794455.7815
688256,寒武纪,2026-09-28 14:50:00,1025.170,1025.910,1022.700,1023.070,218700,224021653.0322
688256,寒武纪,2026-09-28 14:55:00,1024.810,1026.980,1022.070,1025.000,225271,230613275.9078
688256,寒武纪,2026-09-28 15:00:00,1024.900,1026.000,1020.000,1020.000,381204,389436888.4915
600176,中国巨石,2026-09-28 09:35:00,42.660,42.850,41.830,41.840,17572368,742095270.3239
600176,中国巨石,2026-09-28 09:40:00,41.840,41.990,41.220,41.330,16655018,692141556.1563
600176,中国巨石,2026-09-28 09:45:00,41.310,41.350,41.020,41.220,12610700,519200595.3267
600176,中国巨石,2026-09-28 09:50:00,41.210,41.530,40.880,40.890,10226800,421021445.3101
600176,中国巨石,2026-09-28 09:55:00,40.880,40.950,40.630,40.700,12966264,528752551.1193
600176,中国巨石,2026-09-28 10:00:00,40.700,40.860,40.480,40.730,7985895,324572776.4452
600176,中国巨石,2026-09-28 10:05:00,40.740,41.080,40.400,41.060,6277006,255324643.2130
600176,中国巨石,2026-09-28 10:10:00,41.080,41.120,40.810,40.970,3662611,149913506.0475
600176,中国巨石,2026-09-28 10:15:00,40.980,41.020,40.710,40.770,2629500,107426205.7710
600176,中国巨石,2026-09-28 10:20:00,40.770,40.790,40.100,40.130,7763395,313094664.9010
600176,中国巨石,2026-09-28 10:25:00,40.130,40.490,40.100,40.200,5887085,236830061.2424
600176,中国巨石,2026-09-28 10:30:00,40.200,40.280,40.040,40.050,3718700,149460961.0201
600176,中国巨石,2026-09-28 10:35:00,40.040,40.050,39.690,39.700,11097800,442524790.0943
600176,中国巨石,2026-09-28 10:40:00,39.710,39.720,39.520,39.640,5076302,201226239.8506
600176,中国巨石,2026-09-28 10:45:00,39.640,39.690,39.470,39.580,5128843,202835796.2334
600176,中国巨石,2026-09-28 10:50:00,39.580,39.720,39.380,39.580,4548095,179781879.5090
600176,中国巨石,2026-09-28 10:55:00,39.580,39.940,39.570,39.760,3229486,128448555.9392
600176,中国巨石,2026-09-28 11:00:00,39.750,39.760,39.300,39.350,3666466,144794508.9298
600176,中国巨石,2026-09-28 11:05:00,39.350,39.890,39.310,39.880,3463014,137070702.7751
600176,中国巨石,2026-09-28 11:10:00,39.880,40.060,39.670,39.700,2844596,113451202.1112
600176,中国巨石,2026-09-28 11:15:00,39.700,39.800,39.520,39.530,2121500,84102405.3706
600176,中国巨石,2026-09-28 11:20:00,39.530,39.600,39.450,39.490,2126553,84007116.4050
600176,中国巨石,2026-09-28 11:25:00,39.490,39.700,39.420,39.640,1734792,68601847.5801
600176,中国巨石,2026-09-28 11:30:00,39.640,39.660,39.500,39.600,1460270,57768784.0945
600176,中国巨石,2026-09-28 13:05:00,39.640,39.960,39.580,39.650,2774400,110375204.9146
600176,中国巨石,2026-09-28 13:10:00,39.660,39.920,39.450,39.910,2230349,88329684.8867
600176,中国巨石,2026-09-28 13:15:00,39.910,39.920,39.600,39.710,1361717,54071383.2053
600176,中国巨石,2026-09-28 13:20:00,39.710,39.760,39.300,39.320,2649628,104487789.5149
600176,中国巨石,2026-09-28 13:25:00,39.330,39.370,39.200,39.230,2692800,105762978.2977
600176,中国巨石,2026-09-28 13:30:00,39.230,39.370,39.180,39.370,2477245,97224947.8799
600176,中国巨石,2026-09-28 13:35:00,39.290,39.350,39.030,39.160,3219458,126005648.6836
600176,中国巨石,2026-09-28 13:40:00,39.160,39.180,39.000,39.060,3844509,150089605.9718
600176,中国巨石,2026-09-28 13:45:00,39.060,39.240,39.060,39.220,1475587,57816597.5471
600176,中国巨石,2026-09-28 13:50:00,39.220,39.380,39.200,39.230,1421900,55872685.9148
600176,中国巨石,2026-09-28 13:55:00,39.220,39.490,39.220,39.420,1230000,48432596.4963
600176,中国巨石,2026-09-28 14:00:00,39.420,39.520,39.320,39.520,1177528,46407700.5137
600176,中国巨石,2026-09-28 14:05:00,39.530,39.550,39.210,39.440,1715043,67553113.9142
600176,中国巨石,2026-09-28 14:10:00,39.440,39.670,39.400,39.640,1731115,68431109.3474
600176,中国巨石,2026-09-28 14:15:00,39.640,39.920,39.600,39.920,2709379,107775908.5420
600176,中国巨石,2026-09-28 14:20:00,39.910,40.100,39.750,39.830,3988669,159452072.3581
600176,中国巨石,2026-09-28 14:25:00,39.830,39.990,39.750,39.940,1613631,64289635.6240
600176,中国巨石,2026-09-28 14:30:00,39.930,39.950,39.500,39.670,2129247,84475168.3556
600176,中国巨石,2026-09-28 14:35:00,39.650,39.700,39.580,39.650,1376600,54557362.7063
600176,中国巨石,2026-09-28 14:40:00,39.660,39.800,39.510,39.550,2314168,91738150.1471
600176,中国巨石,2026-09-28 14:45:00,39.540,39.600,39.410,39.530,3041953,120179378.9089
600176,中国巨石,2026-09-28 14:50:00,39.520,39.540,39.380,39.410,3405985,134435301.0502
600176,中国巨石,2026-09-28 14:55:00,39.410,39.420,39.290,39.300,5035900,198083637.1820
600176,中国巨石,2026-09-28 15:00:00,39.290,39.310,39.260,39.270,5398900,212061612.2364
000725,京东方Ａ,2026-09-28 09:35:00,6.020,6.090,5.990,6.000,272322806,1643157407.0512
000725,京东方Ａ,2026-09-28 09:40:00,6.010,6.020,5.930,5.960,119410636,714522278.9552
000725,京东方Ａ,2026-09-28 09:45:00,5.960,5.970,5.930,5.960,64966500,386293499.0027
000725,京东方Ａ,2026-09-28 09:50:00,5.950,5.960,5.860,5.870,72520200,427695582.9390
000725,京东方Ａ,2026-09-28 09:55:00,5.870,5.890,5.860,5.880,48903900,287271320.0000
000725,京东方Ａ,2026-09-28 10:00:00,5.870,5.900,5.870,5.880,29336498,172544359.2500
000725,京东方Ａ,2026-09-28 10:05:00,5.880,5.890,5.850,5.880,50060507,293631998.8456
000725,京东方Ａ,2026-09-28 10:10:00,5.880,5.900,5.860,5.870,26253170,154364548.3212
000725,京东方Ａ,2026-09-28 10:15:00,5.880,5.880,5.840,5.850,40902170,239468911.3451
000725,京东方Ａ,2026-09-28 10:20:00,5.850,5.850,5.800,5.800,33625300,195541328.1123
000725,京东方Ａ,2026-09-28 10:25:00,5.800,5.830,5.800,5.800,30130100,175065679.1624
000725,京东方Ａ,2026-09-28 10:30:00,5.810,5.830,5.800,5.830,22744200,132235044.1614
000725,京东方Ａ,2026-09-28 10:35:00,5.830,5.830,5.810,5.830,14609346,85008268.1873
000725,京东方Ａ,2026-09-28 10:40:00,5.820,5.830,5.790,5.810,26582700,154277471.7910
000725,京东方Ａ,2026-09-28 10:45:00,5.800,5.820,5.790,5.800,16758894,97268504.3871
000725,京东方Ａ,2026-09-28 10:50:00,5.800,5.840,5.800,5.820,19406131,112846017.5867
000725,京东方Ａ,2026-09-28 10:55:00,5.830,5.850,5.810,5.840,17453823,101844599.1093
000725,京东方Ａ,2026-09-28 11:00:00,5.830,5.840,5.800,5.810,16442577,95616346.9771
000725,京东方Ａ,2026-09-28 11:05:00,5.800,5.870,5.800,5.870,28375799,165812797.3124
000725,京东方Ａ,2026-09-28 11:10:00,5.870,5.880,5.830,5.840,22944000,134411605.9575
000725,京东方Ａ,2026-09-28 11:15:00,5.830,5.850,5.820,5.830,10863100,63406750.0000
000725,京东方Ａ,2026-09-28 11:20:00,5.840,5.840,5.810,5.820,10574200,61544797.0000
000725,京东方Ａ,2026-09-28 11:25:00,5.820,5.820,5.800,5.820,6064500,35264973.0000
000725,京东方Ａ,2026-09-28 11:30:00,5.820,5.820,5.800,5.810,11911800,69237877.0144
000725,京东方Ａ,2026-09-28 13:05:00,5.810,5.840,5.800,5.820,19940240,116041758.3101
000725,京东方Ａ,2026-09-28 13:10:00,5.830,5.850,5.800,5.850,17515780,101921742.0261
000725,京东方Ａ,2026-09-28 13:15:00,5.850,5.850,5.810,5.810,9648300,56218003.0000
000725,京东方Ａ,2026-09-28 13:20:00,5.810,5.820,5.780,5.790,28723220,166528701.7559
000725,京东方Ａ,2026-09-28 13:25:00,5.780,5.790,5.760,5.780,14528100,83941660.7883
000725,京东方Ａ,2026-09-28 13:30:00,5.770,5.790,5.770,5.780,12952900,74837864.9274
000725,京东方Ａ,2026-09-28 13:35:00,5.770,5.790,5.760,5.790,15694100,90642398.8710
000725,京东方Ａ,2026-09-28 13:40:00,5.790,5.790,5.770,5.770,6778100,39169043.3632
000725,京东方Ａ,2026-09-28 13:45:00,5.770,5.800,5.770,5.800,11549333,66785403.0838
000725,京东方Ａ,2026-09-28 13:50:00,5.790,5.800,5.780,5.790,8672300,50207462.1102
000725,京东方Ａ,2026-09-28 13:55:00,5.790,5.810,5.790,5.800,8710400,50494051.1760
000725,京东方Ａ,2026-09-28 14:00:00,5.790,5.810,5.780,5.800,9489700,54998527.2238
000725,京东方Ａ,2026-09-28 14:05:00,5.800,5.820,5.780,5.820,16299000,94511620.2445
000725,京东方Ａ,2026-09-28 14:10:00,5.820,5.840,5.810,5.830,11608100,67607517.0000
000725,京东方Ａ,2026-09-28 14:15:00,5.820,5.870,5.820,5.860,20691800,121050768.0000
000725,京东方Ａ,2026-09-28 14:20:00,5.860,5.870,5.850,5.860,19335700,113334823.0000
000725,京东方Ａ,2026-09-28 14:25:00,5.850,5.860,5.830,5.830,22008900,128619350.0710
000725,京东方Ａ,2026-09-28 14:30:00,5.840,5.850,5.810,5.820,13278900,77357763.0000
000725,京东方Ａ,2026-09-28 14:35:00,5.820,5.830,5.800,5.820,16255600,94474244.0759
000725,京东方Ａ,2026-09-28 14:40:00,5.820,5.820,5.800,5.810,12489000,72585438.0381
000725,京东方Ａ,2026-09-28 14:45:00,5.810,5.820,5.800,5.810,14977610,86996065.0791
000725,京东方Ａ,2026-09-28 14:50:00,5.810,5.820,5.790,5.800,22660990,131477890.5859
000725,京东方Ａ,2026-09-28 14:55:00,5.790,5.800,5.780,5.790,26581745,153977986.5289
000725,京东方Ａ,2026-09-28 15:00:00,5.800,5.800,5.780,5.800,26749633,154915858.5434
688008,澜起科技,2026-09-28 09:35:00,212.500,213.940,209.000,209.640,2306226,487091341.6580
688008,澜起科技,2026-09-28 09:40:00,209.550,209.640,208.300,209.030,1708336,357041722.5898
688008,澜起科技,2026-09-28 09:45:00,208.890,211.000,208.490,210.930,1384027,290190018.1175
688008,澜起科技,2026-09-28 09:50:00,210.940,211.980,210.480,211.490,1332235,281318061.4387
688008,澜起科技,2026-09-28 09:55:00,211.340,212.430,210.490,211.500,1162854,245868531.8225
688008,澜起科技,2026-09-28 10:00:00,211.500,212.370,209.990,210.220,840360,177106729.1837
688008,澜起科技,2026-09-28 10:05:00,210.200,210.730,209.350,210.500,854485,179530643.1679
688008,澜起科技,2026-09-28 10:10:00,210.460,210.500,208.990,210.500,848391,177797499.8815
688008,澜起科技,2026-09-28 10:15:00,210.500,210.680,208.840,208.860,619181,129631725.6407
688008,澜起科技,2026-09-28 10:20:00,208.860,209.110,207.980,208.500,1252885,261104434.0013
688008,澜起科技,2026-09-28 10:25:00,208.450,209.580,208.120,208.710,679363,141802703.8799
688008,澜起科技,2026-09-28 10:30:00,208.560,209.880,208.400,208.600,593381,124045507.4190
688008,澜起科技,2026-09-28 10:35:00,208.600,208.750,207.180,207.340,724147,150585228.7054
688008,澜起科技,2026-09-28 10:40:00,207.240,207.340,206.570,206.610,944895,195520319.3315
688008,澜起科技,2026-09-28 10:45:00,206.600,207.390,206.560,206.920,703987,145676649.3893
688008,澜起科技,2026-09-28 10:50:00,207.090,207.600,206.530,207.110,681299,141034773.5391
688008,澜起科技,2026-09-28 10:55:00,207.110,207.660,206.730,207.180,537806,111388734.5922
688008,澜起科技,2026-09-28 11:00:00,207.180,207.240,205.360,205.670,769601,158547440.6402
688008,澜起科技,2026-09-28 11:05:00,205.890,207.720,205.890,207.300,549642,113657357.1838
688008,澜起科技,2026-09-28 11:10:00,207.290,207.800,206.500,206.630,421183,87294800.0758
688008,澜起科技,2026-09-28 11:15:00,206.630,207.150,206.110,206.200,405832,83838724.1346
688008,澜起科技,2026-09-28 11:20:00,206.100,206.280,205.510,205.710,388685,80023832.4083
688008,澜起科技,2026-09-28 11:25:00,205.700,206.500,205.380,205.990,451893,93021164.5836
688008,澜起科技,2026-09-28 11:30:00,205.810,206.230,205.000,206.130,913645,187574462.1126
688008,澜起科技,2026-09-28 13:05:00,205.780,209.870,205.650,209.610,941817,195927793.2797
688008,澜起科技,2026-09-28 13:10:00,209.610,209.940,207.770,209.850,617350,128830847.6973
688008,澜起科技,2026-09-28 13:15:00,209.820,209.850,207.410,208.050,377644,78655069.0689
688008,澜起科技,2026-09-28 13:20:00,208.100,208.150,206.660,206.870,334755,69344220.0074
688008,澜起科技,2026-09-28 13:25:00,206.880,206.880,205.800,206.280,327996,67669888.7621
688008,澜起科技,2026-09-28 13:30:00,206.130,206.780,206.050,206.190,286649,59136576.5008
688008,澜起科技,2026-09-28 13:35:00,206.250,206.260,205.530,205.790,390242,80331780.0551
688008,澜起科技,2026-09-28 13:40:00,205.780,206.020,205.200,205.330,377041,77514121.4730
688008,澜起科技,2026-09-28 13:45:00,205.480,205.770,205.170,205.740,368556,75725931.8936
688008,澜起科技,2026-09-28 13:50:00,205.740,205.980,205.210,205.570,318712,65518266.9200
688008,澜起科技,2026-09-28 13:55:00,205.570,206.160,205.500,205.630,300784,61886125.1209
688008,澜起科技,2026-09-28 14:00:00,205.640,206.070,205.280,206.070,332463,68330666.1947
688008,澜起科技,2026-09-28 14:05:00,205.820,206.830,205.290,206.700,469751,96732865.2185
688008,澜起科技,2026-09-28 14:10:00,206.700,209.000,206.520,208.680,690850,143482959.5893
688008,澜起科技,2026-09-28 14:15:00,208.540,210.850,208.410,210.260,1256502,263921197.0631
688008,澜起科技,2026-09-28 14:20:00,210.250,211.000,210.000,210.000,625970,131747851.3212
688008,澜起科技,2026-09-28 14:25:00,210.020,210.580,209.370,209.710,472663,99170817.0388
688008,澜起科技,2026-09-28 14:30:00,209.830,209.840,208.580,208.740,440596,92100316.8272
688008,澜起科技,2026-09-28 14:35:00,208.750,209.470,208.640,209.470,549559,114863905.2580
688008,澜起科技,2026-09-28 14:40:00,209.390,209.790,208.580,208.580,454146,95032780.6820
688008,澜起科技,2026-09-28 14:45:00,208.680,209.030,208.220,208.610,608502,126937788.1494
688008,澜起科技,2026-09-28 14:50:00,208.650,208.760,208.200,208.340,637799,132982065.6568
688008,澜起科技,2026-09-28 14:55:00,208.330,208.950,207.980,208.300,691701,144003438.6562
688008,澜起科技,2026-09-28 15:00:00,208.150,208.600,208.100,208.600,536827,111918687.7840
300285,国瓷材料,2026-09-28 09:35:00,71.500,71.860,69.200,69.660,13767000,970771296.4843
300285,国瓷材料,2026-09-28 09:40:00,69.700,70.680,68.580,68.610,8351378,581331651.9186
300285,国瓷材料,2026-09-28 09:45:00,68.610,69.230,68.180,68.670,5097708,350288519.5900
300285,国瓷材料,2026-09-28 09:50:00,68.690,69.690,68.370,69.470,3844775,265457129.7145
300285,国瓷材料,2026-09-28 09:55:00,69.490,69.830,68.410,68.630,3076930,212194236.9373
300285,国瓷材料,2026-09-28 10:00:00,68.660,69.140,68.400,68.940,2430154,166974522.8242
300285,国瓷材料,2026-09-28 10:05:00,68.890,69.360,68.160,68.820,2741769,188250671.6322
300285,国瓷材料,2026-09-28 10:10:00,68.820,68.930,68.390,68.670,1419457,97444616.3760
300285,国瓷材料,2026-09-28 10:15:00,68.640,68.680,67.470,67.580,3793622,257215342.1262
300285,国瓷材料,2026-09-28 10:20:00,67.570,67.580,66.810,67.060,4273171,286519716.6802
300285,国瓷材料,2026-09-28 10:25:00,67.130,67.310,66.870,66.940,1725800,115727470.2625
300285,国瓷材料,2026-09-28 10:30:00,66.940,67.080,66.570,66.600,2008400,134259540.2886
300285,国瓷材料,2026-09-28 10:35:00,66.600,66.700,66.100,66.170,2878408,191077431.6624
300285,国瓷材料,2026-09-28 10:40:00,66.210,66.230,65.500,65.680,3545342,233560784.8215
300285,国瓷材料,2026-09-28 10:45:00,65.660,66.010,65.470,65.860,2077939,136632950.6653
300285,国瓷材料,2026-09-28 10:50:00,65.850,66.200,65.560,66.000,1236900,81435265.9452
300285,国瓷材料,2026-09-28 10:55:00,66.000,66.500,65.740,65.930,1662800,110010503.0898
300285,国瓷材料,2026-09-28 11:00:00,65.910,65.950,65.370,65.570,1517600,99624261.2977
300285,国瓷材料,2026-09-28 11:05:00,65.550,66.140,65.530,66.030,1148084,75615142.5363
300285,国瓷材料,2026-09-28 11:10:00,66.030,66.470,65.950,66.000,1066500,70705952.7499
300285,国瓷材料,2026-09-28 11:15:00,66.000,66.220,65.680,65.810,594400,39205888.7871
300285,国瓷材料,2026-09-28 11:20:00,65.820,65.910,65.580,65.620,666600,43788268.1641
300285,国瓷材料,2026-09-28 11:25:00,65.620,66.090,65.500,65.870,687700,45228166.9821
300285,国瓷材料,2026-09-28 11:30:00,65.880,65.960,65.730,65.940,507581,33422245.5964
300285,国瓷材料,2026-09-28 13:05:00,65.940,66.440,65.860,66.350,958200,63448546.9712
300285,国瓷材料,2026-09-28 13:10:00,66.360,66.360,65.750,66.230,667000,44003938.0361
300285,国瓷材料,2026-09-28 13:15:00,66.190,66.250,65.570,65.670,637000,41906905.1812
300285,国瓷材料,2026-09-28 13:20:00,65.670,65.710,64.920,64.980,1659700,108167558.8932
300285,国瓷材料,2026-09-28 13:25:00,64.980,64.990,64.580,64.700,1382540,89481907.3687
300285,国瓷材料,2026-09-28 13:30:00,64.690,65.020,64.600,64.850,1034926,67040809.3364
300285,国瓷材料,2026-09-28 13:35:00,64.840,64.850,64.500,64.650,987600,63846198.7109
300285,国瓷材料,2026-09-28 13:40:00,64.640,64.650,64.030,64.450,1380100,88904883.1455
300285,国瓷材料,2026-09-28 13:45:00,64.450,64.960,64.450,64.870,774300,50065219.3960
300285,国瓷材料,2026-09-28 13:50:00,64.860,65.020,64.680,64.820,711900,46140998.2925
300285,国瓷材料,2026-09-28 13:55:00,64.820,65.140,64.800,65.080,560701,36449656.8753
300285,国瓷材料,2026-09-28 14:00:00,65.080,65.140,64.910,65.100,613100,39865957.9077
300285,国瓷材料,2026-09-28 14:05:00,65.100,65.480,64.740,65.440,942402,61298290.1609
300285,国瓷材料,2026-09-28 14:10:00,65.400,65.880,65.360,65.690,929500,60936821.2988
300285,国瓷材料,2026-09-28 14:15:00,65.680,66.150,65.660,66.110,1203000,79327285.9487
300285,国瓷材料,2026-09-28 14:20:00,66.110,66.520,65.900,65.940,1394500,92404259.3384
300285,国瓷材料,2026-09-28 14:25:00,65.910,66.080,65.690,65.820,747167,49218551.1763
300285,国瓷材料,2026-09-28 14:30:00,65.820,65.820,65.180,65.300,706500,46215487.0957
300285,国瓷材料,2026-09-28 14:35:00,65.270,65.300,65.000,65.180,612100,39886561.1416
300285,国瓷材料,2026-09-28 14:40:00,65.180,65.360,65.000,65.060,934800,60916317.2339
300285,国瓷材料,2026-09-28 14:45:00,65.050,65.270,64.900,64.960,1087202,70734185.3585
300285,国瓷材料,2026-09-28 14:50:00,64.960,65.070,64.800,64.870,1460600,94868545.0503
300285,国瓷材料,2026-09-28 14:55:00,64.870,65.000,64.760,64.970,1760302,114213045.1031
300285,国瓷材料,2026-09-28 15:00:00,64.970,65.090,64.910,65.060,1663463,108149820.7959
600641,先导基电,2026-09-28 09:35:00,51.610,52.080,50.500,50.600,18606880,956727111.6215
600641,先导基电,2026-09-28 09:40:00,50.600,50.800,49.930,50.050,13395554,673486477.3599
600641,先导基电,2026-09-28 09:45:00,50.050,50.380,49.770,49.780,5652083,283027031.6644
600641,先导基电,2026-09-28 09:50:00,49.800,50.200,49.350,49.540,10398210,515299858.2882
600641,先导基电,2026-09-28 09:55:00,49.540,49.750,49.400,49.660,4638680,229839731.6540
600641,先导基电,2026-09-28 10:00:00,49.670,49.920,49.490,49.670,2356585,117000431.0959
600641,先导基电,2026-09-28 10:05:00,49.680,50.000,49.600,50.000,2009799,100136779.9454
600641,先导基电,2026-09-28 10:10:00,50.000,50.000,49.500,49.840,2020922,100601131.6237
600641,先导基电,2026-09-28 10:15:00,49.840,49.850,49.450,49.490,1635900,81114257.9756
600641,先导基电,2026-09-28 10:20:00,49.490,49.510,49.140,49.320,2614200,128949195.1275
600641,先导基电,2026-09-28 10:25:00,49.330,49.380,49.100,49.120,2087700,102843137.3972
600641,先导基电,2026-09-28 10:30:00,49.140,49.490,49.050,49.210,1854803,91291674.6694
600641,先导基电,2026-09-28 10:35:00,49.200,49.260,48.700,48.790,2992026,146544166.8630
600641,先导基电,2026-09-28 10:40:00,48.780,48.930,48.630,48.650,1705672,83242201.5865
600641,先导基电,2026-09-28 10:45:00,48.650,48.750,48.360,48.390,2600400,126236667.1279
600641,先导基电,2026-09-28 10:50:00,48.400,48.500,48.300,48.490,2342926,113412642.4550
600641,先导基电,2026-09-28 10:55:00,48.480,48.760,48.210,48.620,2385786,115780190.0150
600641,先导基电,2026-09-28 11:00:00,48.600,48.670,48.280,48.430,1401240,67868492.9326
600641,先导基电,2026-09-28 11:05:00,48.390,49.000,48.390,48.970,1860211,90713328.1833
600641,先导基电,2026-09-28 11:10:00,48.970,49.070,48.420,48.510,1387360,67710879.3879
600641,先导基电,2026-09-28 11:15:00,48.510,48.610,48.380,48.470,1111600,53906680.8922
600641,先导基电,2026-09-28 11:20:00,48.480,48.590,48.170,48.200,1056812,51098064.6000
600641,先导基电,2026-09-28 11:25:00,48.200,48.450,48.140,48.330,1445276,69774769.2749
600641,先导基电,2026-09-28 11:30:00,48.330,48.330,48.130,48.280,1140423,55015251.6964
600641,先导基电,2026-09-28 13:05:00,48.280,48.630,48.200,48.350,2067196,100143929.7660
600641,先导基电,2026-09-28 13:10:00,48.330,48.640,48.050,48.620,1899200,91702053.1025
600641,先导基电,2026-09-28 13:15:00,48.640,48.640,48.110,48.220,994000,48023633.9851
600641,先导基电,2026-09-28 13:20:00,48.220,48.270,47.870,48.020,1583700,76084714.8201
600641,先导基电,2026-09-28 13:25:00,48.020,48.070,47.900,47.940,1257000,60316442.0381
600641,先导基电,2026-09-28 13:30:00,47.940,48.030,47.850,47.910,1683700,80695949.7461
600641,先导基电,2026-09-28 13:35:00,47.900,48.140,47.850,48.030,1458284,69991725.7642
600641,先导基电,2026-09-28 13:40:00,48.030,48.040,47.740,47.810,1174916,56232744.0515
600641,先导基电,2026-09-28 13:45:00,47.810,48.170,47.780,48.170,1071332,51374945.2402
600641,先导基电,2026-09-28 13:50:00,48.180,48.400,48.090,48.380,1238898,59787424.2913
600641,先导基电,2026-09-28 13:55:00,48.380,48.690,48.350,48.670,2270089,110226114.6845
600641,先导基电,2026-09-28 14:00:00,48.680,48.760,48.580,48.740,1042387,50745836.7958
600641,先导基电,2026-09-28 14:05:00,48.750,49.350,48.570,49.310,2466623,120787546.8140
600641,先导基电,2026-09-28 14:10:00,49.310,50.070,49.280,49.880,3856395,191791909.8789
600641,先导基电,2026-09-28 14:15:00,49.880,50.270,49.880,50.130,1777886,89094835.5659
600641,先导基电,2026-09-28 14:20:00,50.140,50.270,49.960,50.040,1820385,91213565.2080
600641,先导基电,2026-09-28 14:25:00,50.010,50.090,49.830,49.870,1052220,52563204.5594
600641,先导基电,2026-09-28 14:30:00,49.880,49.950,49.520,49.610,1055439,52485727.3933
600641,先导基电,2026-09-28 14:35:00,49.610,49.720,49.350,49.540,1227175,60700545.3154
600641,先导基电,2026-09-28 14:40:00,49.550,49.610,49.350,49.370,944022,46731568.9298
600641,先导基电,2026-09-28 14:45:00,49.370,49.490,49.330,49.380,1093774,54034261.1683
600641,先导基电,2026-09-28 14:50:00,49.380,49.480,49.150,49.260,1503500,74154566.0303
600641,先导基电,2026-09-28 14:55:00,49.250,49.480,49.250,49.360,1963879,96918919.2390
600641,先导基电,2026-09-28 15:00:00,49.360,49.550,49.210,49.210,2484745,122581054.6522
000988,华工科技,2026-09-28 09:35:00,102.030,102.300,100.010,100.020,3802400,382684695.5400
000988,华工科技,2026-09-28 09:40:00,100.010,100.020,98.680,98.680,3884100,385969518.2083
000988,华工科技,2026-09-28 09:45:00,98.770,98.780,98.200,98.640,2306281,227227393.7379
000988,华工科技,2026-09-28 09:50:00,98.660,99.000,97.600,97.680,3146940,308951144.6147
000988,华工科技,2026-09-28 09:55:00,97.670,97.920,97.260,97.560,1837777,179393097.2066
000988,华工科技,2026-09-28 10:00:00,97.550,97.760,96.780,96.810,2082343,202328787.8825
000988,华工科技,2026-09-28 10:05:00,96.810,97.340,96.620,97.340,1667646,161488532.0641
000988,华工科技,2026-09-28 10:10:00,97.300,97.390,96.690,97.100,1284412,124514752.4272
000988,华工科技,2026-09-28 10:15:00,97.100,97.160,96.610,96.840,1011953,97934620.7163
000988,华工科技,2026-09-28 10:20:00,96.800,96.840,96.000,96.040,1524458,146890791.5745
000988,华工科技,2026-09-28 10:25:00,96.040,96.300,95.800,96.100,1184006,113697395.8983
000988,华工科技,2026-09-28 10:30:00,96.090,96.330,95.900,95.900,848200,81506017.3993
000988,华工科技,2026-09-28 10:35:00,95.890,95.960,95.200,95.210,1307600,125015347.9808
000988,华工科技,2026-09-28 10:40:00,95.200,95.220,94.670,94.680,1892357,179741378.3967
000988,华工科技,2026-09-28 10:45:00,94.670,94.680,94.180,94.260,1718300,162213052.8121
000988,华工科技,2026-09-28 10:50:00,94.260,94.540,94.080,94.530,1136000,107160755.5789
000988,华工科技,2026-09-28 10:55:00,94.530,94.540,94.110,94.250,1198000,113019902.0098
000988,华工科技,2026-09-28 11:00:00,94.240,94.270,93.680,93.730,1454600,136689812.2119
000988,华工科技,2026-09-28 11:05:00,93.830,94.500,93.800,94.350,795000,74872823.2021
000988,华工科技,2026-09-28 11:10:00,94.330,94.490,93.840,93.880,960606,90458524.2798
000988,华工科技,2026-09-28 11:15:00,93.880,94.050,93.650,93.670,876900,82276814.8138
000988,华工科技,2026-09-28 11:20:00,93.660,93.710,93.080,93.220,1162400,108441039.5314
000988,华工科技,2026-09-28 11:25:00,93.180,93.550,93.150,93.490,532700,49720073.1494
000988,华工科技,2026-09-28 11:30:00,93.490,93.500,93.240,93.410,591143,55189946.5688
000988,华工科技,2026-09-28 13:05:00,93.400,94.100,93.400,93.630,899393,84331663.2460
000988,华工科技,2026-09-28 13:10:00,93.620,93.740,93.120,93.740,1000464,93357835.2585
000988,华工科技,2026-09-28 13:15:00,93.740,93.750,93.110,93.170,769500,71771723.2676
000988,华工科技,2026-09-28 13:20:00,93.170,93.250,92.720,92.730,1667100,155011423.4104
000988,华工科技,2026-09-28 13:25:00,92.750,92.750,92.620,92.640,1320900,122412375.0508
000988,华工科技,2026-09-28 13:30:00,92.640,92.790,92.630,92.700,775460,71882253.4985
000988,华工科技,2026-09-28 13:35:00,92.700,92.720,92.610,92.690,1195740,110767767.6746
000988,华工科技,2026-09-28 13:40:00,92.680,92.690,92.610,92.620,990696,91763607.1672
000988,华工科技,2026-09-28 13:45:00,92.620,92.730,92.610,92.730,686200,63560162.0574
000988,华工科技,2026-09-28 13:50:00,92.740,92.780,92.630,92.630,669600,62049606.1387
000988,华工科技,2026-09-28 13:55:00,92.640,92.750,92.610,92.640,716232,66347738.5787
000988,华工科技,2026-09-28 14:00:00,92.630,92.660,92.610,92.660,772616,71559447.8428
000988,华工科技,2026-09-28 14:05:00,92.660,92.880,92.610,92.770,947804,87805628.5721
000988,华工科技,2026-09-28 14:10:00,92.760,93.200,92.660,92.900,574400,53333585.8867
000988,华工科技,2026-09-28 14:15:00,92.900,93.570,92.860,93.550,783700,73101720.9785
000988,华工科技,2026-09-28 14:20:00,93.570,93.840,93.250,93.260,1160195,108674087.9370
000988,华工科技,2026-09-28 14:25:00,93.270,93.460,93.020,93.320,550842,51335783.7407
000988,华工科技,2026-09-28 14:30:00,93.320,93.350,92.950,93.020,609476,56732379.7123
000988,华工科技,2026-09-28 14:35:00,93.010,93.020,92.750,92.820,519882,48280793.7405
000988,华工科技,2026-09-28 14:40:00,92.850,92.950,92.810,92.820,514500,47781987.8870
000988,华工科技,2026-09-28 14:45:00,92.820,92.870,92.640,92.730,957483,88772467.4519
000988,华工科技,2026-09-28 14:50:00,92.720,92.780,92.610,92.620,1127817,104513166.0931
000988,华工科技,2026-09-28 14:55:00,92.610,92.630,92.610,92.610,1525200,141250795.0957
000988,华工科技,2026-09-28 15:00:00,92.610,92.610,92.610,92.610,693100,64187991.1064
600206,有研新材,2026-09-28 09:35:00,50.610,52.600,50.600,51.500,19800090,1022441295.8320
600206,有研新材,2026-09-28 09:40:00,51.510,51.990,50.930,51.600,10865446,561466201.5293
600206,有研新材,2026-09-28 09:45:00,51.630,52.180,51.550,52.170,8261034,428701949.0542
600206,有研新材,2026-09-28 09:50:00,52.180,52.640,51.870,51.870,9920217,519227158.8779
600206,有研新材,2026-09-28 09:55:00,51.870,52.200,51.850,52.050,4010747,208682323.2228
600206,有研新材,2026-09-28 10:00:00,52.050,52.060,51.090,51.850,3782091,194917747.7811
600206,有研新材,2026-09-28 10:05:00,51.860,52.000,51.430,51.860,2950294,152773583.6527
600206,有研新材,2026-09-28 10:10:00,51.860,52.000,51.660,51.870,1667955,86512255.6186
600206,有研新材,2026-09-28 10:15:00,51.870,51.890,51.690,51.840,1126234,58312596.3357
600206,有研新材,2026-09-28 10:20:00,51.840,51.850,51.300,51.470,1525345,78576151.1528
600206,有研新材,2026-09-28 10:25:00,51.470,51.800,51.470,51.510,1207425,62376246.3022
600206,有研新材,2026-09-28 10:30:00,51.500,51.790,51.490,51.670,1015900,52487444.8618
600206,有研新材,2026-09-28 10:35:00,51.680,51.700,51.380,51.540,1210626,62361237.2138
600206,有研新材,2026-09-28 10:40:00,51.540,51.550,50.940,50.950,2303174,117908245.7545
600206,有研新材,2026-09-28 10:45:00,50.940,51.370,50.680,51.070,2555238,130188841.1031
600206,有研新材,2026-09-28 10:50:00,51.060,51.590,51.060,51.580,1335943,68630862.4406
600206,有研新材,2026-09-28 10:55:00,51.580,51.820,51.540,51.710,1449324,74925930.1946
600206,有研新材,2026-09-28 11:00:00,51.730,51.760,51.200,51.230,971338,50084889.3873
600206,有研新材,2026-09-28 11:05:00,51.230,51.900,51.230,51.680,1400609,72412693.4585
600206,有研新材,2026-09-28 11:10:00,51.690,51.930,51.670,51.730,1003200,52014740.5549
600206,有研新材,2026-09-28 11:15:00,51.720,51.750,51.560,51.590,471500,24369707.0449
600206,有研新材,2026-09-28 11:20:00,51.600,51.640,51.510,51.540,491000,25323060.0215
600206,有研新材,2026-09-28 11:25:00,51.540,51.840,51.530,51.750,613100,31698430.9686
600206,有研新材,2026-09-28 11:30:00,51.750,51.760,51.590,51.640,415600,21466362.7991
600206,有研新材,2026-09-28 13:05:00,51.640,51.740,51.560,51.560,689500,35625576.4445
600206,有研新材,2026-09-28 13:10:00,51.560,51.570,51.230,51.570,621200,31920543.9863
600206,有研新材,2026-09-28 13:15:00,51.560,51.580,51.370,51.370,530900,27307897.0341
600206,有研新材,2026-09-28 13:20:00,51.380,51.390,51.200,51.250,661296,33909352.1487
600206,有研新材,2026-09-28 13:25:00,51.250,51.360,51.200,51.320,557200,28559883.0246
600206,有研新材,2026-09-28 13:30:00,51.320,51.320,51.200,51.230,598280,30661269.4229
600206,有研新材,2026-09-28 13:35:00,51.220,51.290,50.970,50.970,879800,44987627.0174
600206,有研新材,2026-09-28 13:40:00,50.980,51.170,50.800,50.840,1237100,63016187.6152
600206,有研新材,2026-09-28 13:45:00,50.850,51.050,50.730,51.020,1422306,72295976.2198
600206,有研新材,2026-09-28 13:50:00,51.020,51.070,50.830,51.060,812490,41367257.1099
600206,有研新材,2026-09-28 13:55:00,51.050,51.270,51.050,51.060,568785,29092184.7803
600206,有研新材,2026-09-28 14:00:00,51.050,51.170,50.880,51.120,511300,26084067.3131
600206,有研新材,2026-09-28 14:05:00,51.120,51.140,51.000,51.140,496851,25366051.8550
600206,有研新材,2026-09-28 14:10:00,51.140,51.410,51.140,51.270,771033,39555797.2230
600206,有研新材,2026-09-28 14:15:00,51.270,51.900,51.270,51.900,1580700,81714746.0049
600206,有研新材,2026-09-28 14:20:00,51.890,51.910,51.580,51.800,1619700,83912549.6839
600206,有研新材,2026-09-28 14:25:00,51.790,51.850,51.620,51.840,1160505,60020213.7117
600206,有研新材,2026-09-28 14:30:00,51.830,51.850,51.440,51.490,1303300,67378560.9866
600206,有研新材,2026-09-28 14:35:00,51.490,51.780,51.480,51.560,960900,49634737.0117
600206,有研新材,2026-09-28 14:40:00,51.560,51.650,51.490,51.490,1331400,68659142.9788
600206,有研新材,2026-09-28 14:45:00,51.500,51.550,51.310,51.540,1380095,70983339.3510
600206,有研新材,2026-09-28 14:50:00,51.540,51.550,51.420,51.430,1931600,99417327.9373
600206,有研新材,2026-09-28 14:55:00,51.440,51.450,51.100,51.300,2806009,143889447.2079
600206,有研新材,2026-09-28 15:00:00,51.290,51.650,51.290,51.630,4453950,229607219.0961
000636,风华高科,2026-09-28 09:35:00,55.430,55.510,54.340,54.460,7801235,429226454.7295
000636,风华高科,2026-09-28 09:40:00,54.460,54.670,53.000,53.280,7986092,429920948.3479
000636,风华高科,2026-09-28 09:45:00,53.280,53.700,53.000,53.330,4894719,260955470.6900
000636,风华高科,2026-09-28 09:50:00,53.320,53.670,52.680,52.690,4799807,254856324.0489
000636,风华高科,2026-09-28 09:55:00,52.690,52.770,52.000,52.100,7104726,371376450.9532
000636,风华高科,2026-09-28 10:00:00,52.120,52.280,51.880,52.020,3961294,206200253.6640
000636,风华高科,2026-09-28 10:05:00,52.030,52.200,51.630,52.200,4002802,207628868.9571
000636,风华高科,2026-09-28 10:10:00,52.200,52.340,51.940,52.040,1747136,91149658.2551
000636,风华高科,2026-09-28 10:15:00,52.050,52.070,51.650,51.730,1813340,93995911.1356
000636,风华高科,2026-09-28 10:20:00,51.720,51.720,51.000,51.100,4498340,230368237.8271
000636,风华高科,2026-09-28 10:25:00,51.100,51.340,50.900,50.910,2086300,106723120.8876
000636,风华高科,2026-09-28 10:30:00,50.900,51.280,50.700,51.080,2661600,135732165.0283
000636,风华高科,2026-09-28 10:35:00,51.080,51.080,50.580,50.750,2048400,104023455.9948
000636,风华高科,2026-09-28 10:40:00,50.750,50.760,50.420,50.430,3404500,171996482.4327
000636,风华高科,2026-09-28 10:45:00,50.430,50.730,50.420,50.700,2637546,133046310.8456
000636,风华高科,2026-09-28 10:50:00,50.700,50.890,50.460,50.800,1661222,84088205.4578
000636,风华高科,2026-09-28 10:55:00,50.810,51.190,50.700,50.870,1618400,82374096.9990
000636,风华高科,2026-09-28 11:00:00,50.870,50.880,50.500,50.630,1141971,57844307.9751
000636,风华高科,2026-09-28 11:05:00,50.630,50.990,50.620,50.900,929900,47296595.9854
000636,风华高科,2026-09-28 11:10:00,50.920,51.230,50.900,51.000,1281544,65472848.7860
000636,风华高科,2026-09-28 11:15:00,51.040,51.040,50.780,50.780,529300,26944144.9922
000636,风华高科,2026-09-28 11:20:00,50.780,50.780,50.630,50.730,554000,28087652.9795
000636,风华高科,2026-09-28 11:25:00,50.730,50.750,50.600,50.750,500311,25353500.1622
000636,风华高科,2026-09-28 11:30:00,50.750,50.810,50.690,50.770,402688,20434137.1130
000636,风华高科,2026-09-28 13:05:00,50.770,51.100,50.720,50.910,894000,45547327.6799
000636,风华高科,2026-09-28 13:10:00,50.900,50.950,50.610,50.940,533000,27061694.9775
000636,风华高科,2026-09-28 13:15:00,50.930,50.960,50.630,50.640,579700,29424557.9789
000636,风华高科,2026-09-28 13:20:00,50.650,50.780,50.440,50.440,1321764,66775438.5679
000636,风华高科,2026-09-28 13:25:00,50.440,50.460,50.420,50.430,3131404,157899470.2898
000636,风华高科,2026-09-28 13:30:00,50.430,50.490,50.420,50.440,1213400,61194590.6655
000636,风华高科,2026-09-28 13:35:00,50.430,50.440,50.420,50.420,1001250,50484991.5426
000636,风华高科,2026-09-28 13:40:00,50.420,50.420,50.420,50.420,218600,11021811.9004
000636,风华高科,2026-09-28 13:45:00,50.420,50.420,50.420,50.420,190500,9605009.8799
000636,风华高科,2026-09-28 13:50:00,50.420,50.420,50.420,50.420,253500,12781469.8198
000636,风华高科,2026-09-28 13:55:00,50.420,50.420,50.420,50.420,229300,11561305.7998
000636,风华高科,2026-09-28 14:00:00,50.420,50.420,50.420,50.420,190100,9584841.8457
000636,风华高科,2026-09-28 14:05:00,50.420,50.420,50.420,50.420,216200,10900803.7510
000636,风华高科,2026-09-28 14:10:00,50.420,50.790,50.420,50.600,2607934,131639044.1815
000636,风华高科,2026-09-28 14:15:00,50.600,50.940,50.570,50.940,1523400,77272905.9834
000636,风华高科,2026-09-28 14:20:00,50.940,51.000,50.780,50.780,1784400,90824708.9880
000636,风华高科,2026-09-28 14:25:00,50.780,50.780,50.480,50.780,1881272,95096245.4858
000636,风华高科,2026-09-28 14:30:00,50.790,50.820,50.420,50.420,1423128,71838056.3024
000636,风华高科,2026-09-28 14:35:00,50.420,50.440,50.420,50.430,962348,48523022.4468
000636,风华高科,2026-09-28 14:40:00,50.430,50.440,50.420,50.420,650800,32815611.6387
000636,风华高科,2026-09-28 14:45:00,50.420,50.420,50.420,50.420,426300,21494045.6543
000636,风华高科,2026-09-28 14:50:00,50.420,50.420,50.420,50.420,352700,17783133.7939
000636,风华高科,2026-09-28 14:55:00,50.420,50.420,50.420,50.420,355600,17929351.6891
000636,风华高科,2026-09-28 15:00:00,50.420,50.420,50.420,50.420,490800,24746135.4720
600418,江淮汽车,2026-09-28 09:35:00,23.310,24.150,22.990,23.810,30911666,731994033.0448
600418,江淮汽车,2026-09-28 09:40:00,23.810,23.960,23.600,23.950,15476722,368685847.9759
600418,江淮汽车,2026-09-28 09:45:00,23.960,23.960,23.500,23.750,9719700,230555256.0730
600418,江淮汽车,2026-09-28 09:50:00,23.740,24.370,23.720,24.290,15536521,374425206.2444
600418,江淮汽车,2026-09-28 09:55:00,24.280,24.310,24.000,24.030,8460073,204364567.9877
600418,江淮汽车,2026-09-28 10:00:00,24.040,24.250,24.000,24.060,5046400,121718707.9473
600418,江淮汽车,2026-09-28 10:05:00,24.060,24.670,24.050,24.580,9860653,241190776.4773
600418,江淮汽车,2026-09-28 10:10:00,24.570,24.640,24.430,24.530,5011231,122993398.7113
600418,江淮汽车,2026-09-28 10:15:00,24.520,25.220,24.510,25.150,16059233,401646351.6672
600418,江淮汽车,2026-09-28 10:20:00,25.150,25.220,24.930,25.120,8066700,202830296.5211
600418,江淮汽车,2026-09-28 10:25:00,25.120,25.220,25.080,25.220,9207354,232043136.3088
600418,江淮汽车,2026-09-28 10:30:00,25.220,25.220,25.220,25.220,2169600,54717312.0000
600418,江淮汽车,2026-09-28 10:35:00,25.220,25.220,25.220,25.220,556200,14027364.0000
600418,江淮汽车,2026-09-28 10:40:00,25.220,25.220,25.220,25.220,1223000,30844060.0000
600418,江淮汽车,2026-09-28 10:45:00,25.220,25.220,24.860,25.120,11489001,288812355.9812
600418,江淮汽车,2026-09-28 10:50:00,25.110,25.150,24.900,25.060,7184700,179575536.9279
600418,江淮汽车,2026-09-28 10:55:00,25.060,25.220,25.020,25.220,7478400,188416813.5449
600418,江淮汽车,2026-09-28 11:00:00,25.220,25.220,25.220,25.220,721600,18198752.0000
600418,江淮汽车,2026-09-28 11:05:00,25.220,25.220,25.220,25.220,344100,8678202.0000
600418,江淮汽车,2026-09-28 11:10:00,25.220,25.220,25.220,25.220,293400,7399548.0000
600418,江淮汽车,2026-09-28 11:15:00,25.220,25.220,25.220,25.220,170800,4307576.0000
600418,江淮汽车,2026-09-28 11:20:00,25.220,25.220,25.220,25.220,184310,4648298.2000
600418,江淮汽车,2026-09-28 11:25:00,25.220,25.220,25.220,25.220,196900,4965818.0000
600418,江淮汽车,2026-09-28 11:30:00,25.220,25.220,25.220,25.220,3495400,88153987.2461
600418,江淮汽车,2026-09-28 13:05:00,25.220,25.220,25.220,25.220,3608384,91003443.6620
600418,江淮汽车,2026-09-28 13:10:00,25.220,25.220,25.220,25.220,458800,11570936.0000
600418,江淮汽车,2026-09-28 13:15:00,25.220,25.220,25.220,25.220,215800,5442476.0000
600418,江淮汽车,2026-09-28 13:20:00,25.220,25.220,25.220,25.220,270700,6827054.0000
600418,江淮汽车,2026-09-28 13:25:00,25.220,25.220,25.220,25.220,888500,22407970.0000
600418,江淮汽车,2026-09-28 13:30:00,25.220,25.220,25.220,25.220,296900,7487818.0000
600418,江淮汽车,2026-09-28 13:35:00,25.220,25.220,25.220,25.220,293900,7412158.0000
600418,江淮汽车,2026-09-28 13:40:00,25.220,25.220,25.220,25.220,324500,8183890.0000
600418,江淮汽车,2026-09-28 13:45:00,25.220,25.220,25.220,25.220,342700,8642894.0000
600418,江淮汽车,2026-09-28 13:50:00,25.220,25.220,25.220,25.220,166000,4186520.0000
600418,江淮汽车,2026-09-28 13:55:00,25.220,25.220,25.220,25.220,101000,2547220.0000
600418,江淮汽车,2026-09-28 14:00:00,25.220,25.220,25.220,25.220,294100,7417202.0000
600418,江淮汽车,2026-09-28 14:05:00,25.220,25.220,25.220,25.220,187900,4738838.0000
600418,江淮汽车,2026-09-28 14:10:00,25.220,25.220,25.220,25.220,133100,3356782.0000
600418,江淮汽车,2026-09-28 14:15:00,25.220,25.220,25.220,25.220,202300,5102006.0000
600418,江淮汽车,2026-09-28 14:20:00,25.220,25.220,25.220,25.220,119000,3001180.0000
600418,江淮汽车,2026-09-28 14:25:00,25.220,25.220,25.220,25.220,84500,2131090.0000
600418,江淮汽车,2026-09-28 14:30:00,25.220,25.220,25.220,25.220,112400,2834728.0000
600418,江淮汽车,2026-09-28 14:35:00,25.220,25.220,25.220,25.220,338600,8539492.0000
600418,江淮汽车,2026-09-28 14:40:00,25.220,25.220,25.220,25.220,272000,6859840.0000
600418,江淮汽车,2026-09-28 14:45:00,25.220,25.220,25.220,25.220,222800,5619016.0000
600418,江淮汽车,2026-09-28 14:50:00,25.220,25.220,25.220,25.220,273700,6902714.0000
600418,江淮汽车,2026-09-28 14:55:00,25.220,25.220,25.220,25.220,145700,3674554.0000
600418,江淮汽车,2026-09-28 15:00:00,25.220,25.220,25.220,25.220,661300,16677986.0000
600707,彩虹股份,2026-09-28 09:35:00,9.890,10.440,9.850,10.440,104191134,1076581649.5965
600707,彩虹股份,2026-09-28 09:40:00,10.440,10.440,10.250,10.440,65111836,678190240.4600
600707,彩虹股份,2026-09-28 09:45:00,10.440,10.440,10.310,10.420,36089115,375715429.0284
600707,彩虹股份,2026-09-28 09:50:00,10.420,10.440,10.180,10.190,22885667,235338240.2050
600707,彩虹股份,2026-09-28 09:55:00,10.190,10.220,10.130,10.150,13765600,140019873.1102
600707,彩虹股份,2026-09-28 10:00:00,10.150,10.300,10.110,10.200,10888543,110923799.0819
600707,彩虹股份,2026-09-28 10:05:00,10.200,10.260,10.140,10.260,6522410,66452996.0503
600707,彩虹股份,2026-09-28 10:10:00,10.260,10.340,10.210,10.230,5168090,53129986.7271
600707,彩虹股份,2026-09-28 10:15:00,10.240,10.250,10.170,10.200,3043400,31077637.6874
600707,彩虹股份,2026-09-28 10:20:00,10.200,10.200,10.130,10.150,4882009,49571048.8509
600707,彩虹股份,2026-09-28 10:25:00,10.140,10.190,10.140,10.160,3230317,32821865.6600
600707,彩虹股份,2026-09-28 10:30:00,10.160,10.210,10.140,10.180,2886700,29388983.6809
600707,彩虹股份,2026-09-28 10:35:00,10.180,10.180,10.140,10.160,2470700,25110237.8890
600707,彩虹股份,2026-09-28 10:40:00,10.160,10.180,10.130,10.140,2359248,23964386.6488
600707,彩虹股份,2026-09-28 10:45:00,10.130,10.150,10.120,10.120,2674400,27098172.6221
600707,彩虹股份,2026-09-28 10:50:00,10.120,10.160,10.080,10.150,3961585,40071864.4402
600707,彩虹股份,2026-09-28 10:55:00,10.140,10.230,10.140,10.200,2776100,28276252.7738
600707,彩虹股份,2026-09-28 11:00:00,10.190,10.200,10.130,10.160,1509200,15323702.8596
600707,彩虹股份,2026-09-28 11:05:00,10.160,10.230,10.150,10.210,2062100,21036565.8147
600707,彩虹股份,2026-09-28 11:10:00,10.200,10.310,10.200,10.210,3169200,32462355.9893
600707,彩虹股份,2026-09-28 11:15:00,10.200,10.220,10.180,10.190,1369200,13964503.8703
600707,彩虹股份,2026-09-28 11:20:00,10.200,10.200,10.150,10.170,1212700,12333145.9172
600707,彩虹股份,2026-09-28 11:25:00,10.180,10.180,10.150,10.170,839600,8535907.9944
600707,彩虹股份,2026-09-28 11:30:00,10.170,10.190,10.150,10.190,923900,9391769.9452
600707,彩虹股份,2026-09-28 13:05:00,10.190,10.220,10.140,10.160,2705800,27524018.0596
600707,彩虹股份,2026-09-28 13:10:00,10.150,10.230,10.140,10.210,1682601,17117604.7569
600707,彩虹股份,2026-09-28 13:15:00,10.210,10.220,10.170,10.180,1199768,12231479.7752
600707,彩虹股份,2026-09-28 13:20:00,10.180,10.190,10.150,10.150,1021000,10381261.9237
600707,彩虹股份,2026-09-28 13:25:00,10.150,10.200,10.150,10.170,1300030,13224042.8463
600707,彩虹股份,2026-09-28 13:30:00,10.170,10.170,10.150,10.160,1259500,12794786.9402
600707,彩虹股份,2026-09-28 13:35:00,10.160,10.160,10.130,10.150,1717667,17421924.7810
600707,彩虹股份,2026-09-28 13:40:00,10.150,10.170,10.130,10.160,1124900,11417388.9059
600707,彩虹股份,2026-09-28 13:45:00,10.160,10.180,10.150,10.160,1249000,12699974.9863
600707,彩虹股份,2026-09-28 13:50:00,10.170,10.200,10.170,10.190,1345675,13705129.5646
600707,彩虹股份,2026-09-28 13:55:00,10.170,10.190,10.170,10.170,761500,7750929.9916
600707,彩虹股份,2026-09-28 14:00:00,10.170,10.180,10.160,10.180,1222200,12428802.0691
600707,彩虹股份,2026-09-28 14:05:00,10.180,10.180,10.130,10.150,2345844,23804253.0836
600707,彩虹股份,2026-09-28 14:10:00,10.150,10.180,10.150,10.180,953443,9693615.4444
600707,彩虹股份,2026-09-28 14:15:00,10.180,10.330,10.170,10.330,3419696,35066539.2610
600707,彩虹股份,2026-09-28 14:20:00,10.330,10.420,10.320,10.380,7284580,75634941.6265
600707,彩虹股份,2026-09-28 14:25:00,10.380,10.400,10.350,10.370,2840300,29463632.9732
600707,彩虹股份,2026-09-28 14:30:00,10.370,10.370,10.220,10.250,2541000,26231093.1019
600707,彩虹股份,2026-09-28 14:35:00,10.250,10.320,10.230,10.300,1937000,19911065.7217
600707,彩虹股份,2026-09-28 14:40:00,10.290,10.380,10.290,10.360,3336200,34553361.4453
600707,彩虹股份,2026-09-28 14:45:00,10.370,10.370,10.310,10.350,2803051,28986091.8531
600707,彩虹股份,2026-09-28 14:50:00,10.350,10.360,10.300,10.320,3923763,40514849.0000
600707,彩虹股份,2026-09-28 14:55:00,10.310,10.340,10.300,10.330,5756837,59401428.9813
600707,彩虹股份,2026-09-28 15:00:00,10.330,10.380,10.320,10.380,7703084,79822172.4471
600547,山东黄金,2026-09-28 09:35:00,27.400,27.600,26.400,26.480,41569973,1116956632.8277
600547,山东黄金,2026-09-28 09:40:00,26.470,26.720,26.340,26.520,16061948,425686626.0858
600547,山东黄金,2026-09-28 09:45:00,26.520,26.580,26.230,26.250,9694609,255883676.4905
600547,山东黄金,2026-09-28 09:50:00,26.270,26.450,26.210,26.330,7483601,196936392.3167
600547,山东黄金,2026-09-28 09:55:00,26.330,26.600,26.220,26.550,4665480,123225544.5653
600547,山东黄金,2026-09-28 10:00:00,26.550,26.570,26.300,26.410,5295300,139907813.9399
600547,山东黄金,2026-09-28 10:05:00,26.400,26.560,26.340,26.560,3822918,101103709.6641
600547,山东黄金,2026-09-28 10:10:00,26.560,26.580,26.350,26.400,3046193,80527067.0862
600547,山东黄金,2026-09-28 10:15:00,26.400,26.490,26.300,26.410,3937318,103860173.6213
600547,山东黄金,2026-09-28 10:20:00,26.400,26.430,26.290,26.310,2111600,55660050.9819
600547,山东黄金,2026-09-28 10:25:00,26.310,26.360,26.280,26.280,1752900,46133209.0396
600547,山东黄金,2026-09-28 10:30:00,26.280,26.310,26.240,26.260,1798319,47248708.4180
600547,山东黄金,2026-09-28 10:35:00,26.260,26.260,26.180,26.180,3368200,88269716.4721
600547,山东黄金,2026-09-28 10:40:00,26.180,26.210,26.170,26.180,2044548,53537419.0472
600547,山东黄金,2026-09-28 10:45:00,26.180,26.230,26.160,26.170,3572252,93520484.7791
600547,山东黄金,2026-09-28 10:50:00,26.170,26.190,26.160,26.160,1862896,48748515.3534
600547,山东黄金,2026-09-28 10:55:00,26.170,26.180,26.160,26.160,1526500,39948934.9951
600547,山东黄金,2026-09-28 11:00:00,26.160,26.180,26.160,26.160,4346704,113710465.5558
600547,山东黄金,2026-09-28 11:05:00,26.160,26.180,26.160,26.170,2501800,65455924.2156
600547,山东黄金,2026-09-28 11:10:00,26.160,26.190,26.160,26.170,1400131,36633103.9796
600547,山东黄金,2026-09-28 11:15:00,26.170,26.190,26.160,26.170,1125369,29444844.6719
600547,山东黄金,2026-09-28 11:20:00,26.170,26.170,26.160,26.160,1232200,32235221.0000
600547,山东黄金,2026-09-28 11:25:00,26.170,26.170,26.160,26.170,601700,15744161.0000
600547,山东黄金,2026-09-28 11:30:00,26.170,26.170,26.160,26.160,685600,17935608.0000
600547,山东黄金,2026-09-28 13:05:00,26.160,26.200,26.160,26.160,1991700,52111437.0071
600547,山东黄金,2026-09-28 13:10:00,26.160,26.170,26.160,26.160,432400,11311754.0000
600547,山东黄金,2026-09-28 13:15:00,26.160,26.170,26.160,26.160,790100,20669319.0000
600547,山东黄金,2026-09-28 13:20:00,26.160,26.170,26.160,26.160,597100,15620650.0000
600547,山东黄金,2026-09-28 13:25:00,26.160,26.170,26.160,26.160,282700,7395513.0000
600547,山东黄金,2026-09-28 13:30:00,26.160,26.170,26.160,26.160,619200,16199054.0000
600547,山东黄金,2026-09-28 13:35:00,26.160,26.170,26.160,26.160,388500,10163222.0000
600547,山东黄金,2026-09-28 13:40:00,26.160,26.170,26.160,26.160,268800,7031808.9745
600547,山东黄金,2026-09-28 13:45:00,26.160,26.160,26.160,26.160,176200,4609391.9955
600547,山东黄金,2026-09-28 13:50:00,26.160,26.160,26.160,26.160,151800,3971087.9991
600547,山东黄金,2026-09-28 13:55:00,26.160,26.160,26.160,26.160,247200,6466751.9819
600547,山东黄金,2026-09-28 14:00:00,26.160,26.160,26.160,26.160,200500,5245079.9989
600547,山东黄金,2026-09-28 14:05:00,26.160,26.160,26.160,26.160,196200,5132591.9933
600547,山东黄金,2026-09-28 14:10:00,26.160,26.160,26.160,26.160,753100,19701096.0014
600547,山东黄金,2026-09-28 14:15:00,26.160,26.200,26.160,26.160,1953900,51118718.1602
600547,山东黄金,2026-09-28 14:20:00,26.160,26.170,26.160,26.160,1089400,28498903.0000
600547,山东黄金,2026-09-28 14:25:00,26.160,26.160,26.160,26.160,227200,5943552.0000
600547,山东黄金,2026-09-28 14:30:00,26.160,26.160,26.160,26.160,195100,5103816.0000
600547,山东黄金,2026-09-28 14:35:00,26.160,26.160,26.160,26.160,626400,16386624.0000
600547,山东黄金,2026-09-28 14:40:00,26.160,26.170,26.160,26.170,1096200,28677795.9804
600547,山东黄金,2026-09-28 14:45:00,26.170,26.170,26.160,26.160,907300,23735028.0000
600547,山东黄金,2026-09-28 14:50:00,26.160,26.170,26.160,26.160,476600,12467867.9985
600547,山东黄金,2026-09-28 14:55:00,26.160,26.160,26.160,26.160,440300,11518248.0115
600547,山东黄金,2026-09-28 15:00:00,26.160,26.160,26.160,26.160,642300,16802568.0000
688048,长光华芯,2026-09-28 09:35:00,325.010,327.000,316.590,319.770,786645,252783941.6887
688048,长光华芯,2026-09-28 09:40:00,319.400,319.540,312.200,313.020,501421,158367896.8146
688048,长光华芯,2026-09-28 09:45:00,313.020,314.470,311.300,313.270,594893,185881289.3241
688048,长光华芯,2026-09-28 09:50:00,313.000,315.560,310.430,311.040,414679,129402013.7096
688048,长光华芯,2026-09-28 09:55:00,311.130,312.930,310.000,310.000,332025,103226451.1375
688048,长光华芯,2026-09-28 10:00:00,310.000,310.980,306.380,306.380,414877,127915356.8473
688048,长光华芯,2026-09-28 10:05:00,306.200,307.560,303.030,307.240,431010,131461460.7080
688048,长光华芯,2026-09-28 10:10:00,307.000,308.000,304.010,306.710,234450,71623748.7029
688048,长光华芯,2026-09-28 10:15:00,306.710,307.000,302.680,305.370,304544,92642058.7721
688048,长光华芯,2026-09-28 10:20:00,305.380,305.380,298.000,299.680,603965,181686474.6862
688048,长光华芯,2026-09-28 10:25:00,299.680,300.920,297.790,298.300,433180,129740874.8703
688048,长光华芯,2026-09-28 10:30:00,298.300,300.000,297.800,297.800,240346,71833376.0157
688048,长光华芯,2026-09-28 10:35:00,297.870,298.490,296.350,296.350,182926,54415877.9138
688048,长光华芯,2026-09-28 10:40:00,296.300,296.300,293.000,293.000,586678,172594527.7935
688048,长光华芯,2026-09-28 10:45:00,293.000,294.550,291.010,291.010,242073,70965244.4189
688048,长光华芯,2026-09-28 10:50:00,291.010,291.830,289.190,291.330,501599,145639541.5221
688048,长光华芯,2026-09-28 10:55:00,291.330,292.300,290.010,290.050,193692,56326173.8152
688048,长光华芯,2026-09-28 11:00:00,290.010,290.960,288.200,288.490,207935,60137452.7780
688048,长光华芯,2026-09-28 11:05:00,288.510,292.770,288.510,292.190,246394,71636480.4505
688048,长光华芯,2026-09-28 11:10:00,292.190,294.810,291.040,291.160,197686,57943886.9591
688048,长光华芯,2026-09-28 11:15:00,291.040,291.840,289.130,289.130,124210,36120416.5725
688048,长光华芯,2026-09-28 11:20:00,289.200,290.100,287.000,287.320,246234,70922317.0551
688048,长光华芯,2026-09-28 11:25:00,288.000,289.870,287.330,289.270,88136,25432156.7880
688048,长光华芯,2026-09-28 11:30:00,289.270,291.410,288.000,291.160,97943,28297713.0686
688048,长光华芯,2026-09-28 13:05:00,290.010,292.880,290.000,291.000,241016,70264946.8451
688048,长光华芯,2026-09-28 13:10:00,290.990,292.200,288.000,292.000,79022,22898739.1967
688048,长光华芯,2026-09-28 13:15:00,292.200,292.200,288.000,289.010,138530,40096451.3433
688048,长光华芯,2026-09-28 13:20:00,289.010,289.520,286.000,286.980,143910,41354974.3740
688048,长光华芯,2026-09-28 13:25:00,286.980,287.500,285.570,286.000,105997,30342005.1548
688048,长光华芯,2026-09-28 13:30:00,286.120,287.980,286.000,286.660,113299,32509131.2083
688048,长光华芯,2026-09-28 13:35:00,286.660,287.240,285.800,286.940,70880,20297654.3093
688048,长光华芯,2026-09-28 13:40:00,286.720,286.850,285.000,285.360,138055,39443526.3256
688048,长光华芯,2026-09-28 13:45:00,285.820,286.850,285.580,286.590,97765,27960614.2125
688048,长光华芯,2026-09-28 13:50:00,286.560,286.850,285.900,286.250,80439,23046298.1849
688048,长光华芯,2026-09-28 13:55:00,286.250,287.300,286.100,286.660,94701,27156039.0401
688048,长光华芯,2026-09-28 14:00:00,286.870,286.880,286.100,286.370,67560,19354145.6526
688048,长光华芯,2026-09-28 14:05:00,286.510,287.900,285.080,287.650,153337,43922623.5307
688048,长光华芯,2026-09-28 14:10:00,287.650,288.970,287.080,288.890,161113,46415754.2820
688048,长光华芯,2026-09-28 14:15:00,288.890,292.000,288.540,292.000,212510,61632532.4645
688048,长光华芯,2026-09-28 14:20:00,291.990,292.020,290.000,290.010,160338,46670651.9369
688048,长光华芯,2026-09-28 14:25:00,290.000,291.270,289.020,290.300,115257,33411359.8992
688048,长光华芯,2026-09-28 14:30:00,290.200,290.860,288.140,288.270,133341,38570997.9433
688048,长光华芯,2026-09-28 14:35:00,288.550,289.000,287.500,288.200,131059,37781384.9952
688048,长光华芯,2026-09-28 14:40:00,288.520,289.420,288.510,288.780,109604,31672219.4054
688048,长光华芯,2026-09-28 14:45:00,288.810,289.970,287.380,289.100,167968,48453553.5817
688048,长光华芯,2026-09-28 14:50:00,289.120,289.690,288.100,289.000,159370,46059211.6170
688048,长光华芯,2026-09-28 14:55:00,289.000,289.000,288.020,288.860,198057,57155764.4745
688048,长光华芯,2026-09-28 15:00:00,288.880,289.790,288.500,289.790,168413,48672777.6317
300207,欣旺达,2026-09-28 09:35:00,20.000,20.290,19.760,20.190,9305535,186523261.1474
300207,欣旺达,2026-09-28 09:40:00,20.230,20.860,20.230,20.860,17574534,361291120.6859
300207,欣旺达,2026-09-28 09:45:00,20.860,21.060,20.780,20.890,18786065,393307610.0080
300207,欣旺达,2026-09-28 09:50:00,20.890,21.230,20.880,21.030,11030955,232444774.6198
300207,欣旺达,2026-09-28 09:55:00,21.040,21.180,20.960,21.010,6355244,133986080.0140
300207,欣旺达,2026-09-28 10:00:00,21.010,21.200,20.850,21.130,5649393,118923730.3795
300207,欣旺达,2026-09-28 10:05:00,21.130,21.360,20.970,21.350,5600065,118587432.5068
300207,欣旺达,2026-09-28 10:10:00,21.350,21.400,21.160,21.340,6367489,135885532.1947
300207,欣旺达,2026-09-28 10:15:00,21.340,21.360,21.250,21.270,3633240,77401501.4168
300207,欣旺达,2026-09-28 10:20:00,21.270,21.280,20.890,20.920,4170228,87783168.7199
300207,欣旺达,2026-09-28 10:25:00,20.920,21.120,20.900,20.960,2971947,62326404.0528
300207,欣旺达,2026-09-28 10:30:00,20.950,21.160,20.950,21.080,1924500,40525211.7227
300207,欣旺达,2026-09-28 10:35:00,21.080,21.300,21.080,21.190,2917191,61846163.8864
300207,欣旺达,2026-09-28 10:40:00,21.190,21.390,21.190,21.280,4719245,100649508.3987
300207,欣旺达,2026-09-28 10:45:00,21.270,21.310,21.100,21.300,2325616,49309515.1014
300207,欣旺达,2026-09-28 10:50:00,21.300,21.350,21.120,21.140,2179200,46388678.4752
300207,欣旺达,2026-09-28 10:55:00,21.130,21.210,21.120,21.170,1141372,24174187.4859
300207,欣旺达,2026-09-28 11:00:00,21.170,21.180,20.980,21.010,1823283,38384969.5515
300207,欣旺达,2026-09-28 11:05:00,21.010,21.190,20.990,21.090,1398400,29514921.9601
300207,欣旺达,2026-09-28 11:10:00,21.090,21.160,21.020,21.110,961645,20273072.5725
300207,欣旺达,2026-09-28 11:15:00,21.120,21.130,21.070,21.080,756800,15974205.1055
300207,欣旺达,2026-09-28 11:20:00,21.070,21.120,21.070,21.100,506546,10687658.2324
300207,欣旺达,2026-09-28 11:25:00,21.090,21.110,21.060,21.080,618900,13049487.0000
300207,欣旺达,2026-09-28 11:30:00,21.080,21.160,21.040,21.090,745600,15738275.7383
300207,欣旺达,2026-09-28 13:05:00,21.080,21.110,20.950,20.980,1693263,35581563.0440
300207,欣旺达,2026-09-28 13:10:00,20.970,20.980,20.660,20.770,4526817,94061805.2745
300207,欣旺达,2026-09-28 13:15:00,20.780,20.910,20.710,20.910,1391254,28957190.7481
300207,欣旺达,2026-09-28 13:20:00,20.910,21.020,20.800,20.940,1540900,32248832.0161
300207,欣旺达,2026-09-28 13:25:00,20.940,20.960,20.770,20.800,1052200,21904852.0801
300207,欣旺达,2026-09-28 13:30:00,20.800,20.950,20.750,20.920,1163499,24231096.1997
300207,欣旺达,2026-09-28 13:35:00,20.920,21.020,20.910,20.930,1062985,22303957.3270
300207,欣旺达,2026-09-28 13:40:00,20.930,20.960,20.850,20.910,884915,18496735.6992
300207,欣旺达,2026-09-28 13:45:00,20.910,20.910,20.860,20.870,648532,13544449.3065
300207,欣旺达,2026-09-28 13:50:00,20.870,20.880,20.750,20.810,1377615,28672448.3665
300207,欣旺达,2026-09-28 13:55:00,20.800,20.960,20.800,20.950,669264,13980047.4676
300207,欣旺达,2026-09-28 14:00:00,20.960,21.000,20.940,20.940,937800,19675928.9131
300207,欣旺达,2026-09-28 14:05:00,20.940,20.980,20.890,20.970,531300,11118326.9810
300207,欣旺达,2026-09-28 14:10:00,20.970,21.050,20.970,21.000,1231650,25870437.0955
300207,欣旺达,2026-09-28 14:15:00,21.000,21.050,20.990,21.010,1502700,31597905.6378
300207,欣旺达,2026-09-28 14:20:00,21.010,21.020,20.830,20.860,1400514,29301094.8972
300207,欣旺达,2026-09-28 14:25:00,20.880,20.990,20.860,20.980,942365,19720406.5219
300207,欣旺达,2026-09-28 14:30:00,20.990,21.000,20.930,20.950,726000,15222112.9261
300207,欣旺达,2026-09-28 14:35:00,20.950,21.330,20.940,21.330,3380859,71507822.5448
300207,欣旺达,2026-09-28 14:40:00,21.330,21.390,21.090,21.100,4505962,95958529.0083
300207,欣旺达,2026-09-28 14:45:00,21.100,21.320,21.050,21.180,2920172,61994360.6555
300207,欣旺达,2026-09-28 14:50:00,21.180,21.350,21.160,21.350,4001234,85082117.2077
300207,欣旺达,2026-09-28 14:55:00,21.350,21.380,21.320,21.350,4899803,104612571.5688
300207,欣旺达,2026-09-28 15:00:00,21.350,21.380,21.340,21.380,4766700,101861349.8752
002487,大金重工,2026-09-28 09:35:00,40.330,40.500,39.180,39.530,10669410,425077879.5507
002487,大金重工,2026-09-28 09:40:00,39.560,39.630,38.320,38.330,5311199,207329344.7254
002487,大金重工,2026-09-28 09:45:00,38.330,39.000,38.000,38.620,6348047,243245168.9159
002487,大金重工,2026-09-28 09:50:00,38.620,38.830,38.460,38.500,2064781,79757502.5724
002487,大金重工,2026-09-28 09:55:00,38.500,39.370,38.480,39.010,2589300,101084128.0164
002487,大金重工,2026-09-28 10:00:00,39.000,39.000,38.530,38.730,1222106,47386598.1847
002487,大金重工,2026-09-28 10:05:00,38.840,38.970,38.520,38.580,1253100,48496623.7102
002487,大金重工,2026-09-28 10:10:00,38.570,38.830,38.570,38.820,717010,27773241.2502
002487,大金重工,2026-09-28 10:15:00,38.820,38.940,38.690,38.690,698600,27096350.0400
002487,大金重工,2026-09-28 10:20:00,38.680,39.880,38.670,39.800,3509079,138754463.3554
002487,大金重工,2026-09-28 10:25:00,39.800,40.000,39.520,39.720,3485750,138867199.3360
002487,大金重工,2026-09-28 10:30:00,39.720,39.730,39.300,39.610,936600,36972173.0461
002487,大金重工,2026-09-28 10:35:00,39.610,39.650,39.380,39.520,780200,30831190.9375
002487,大金重工,2026-09-28 10:40:00,39.520,39.520,39.330,39.490,679500,26774856.1079
002487,大金重工,2026-09-28 10:45:00,39.470,39.800,39.420,39.510,918502,36390593.4168
002487,大金重工,2026-09-28 10:50:00,39.520,39.810,39.510,39.770,1193890,47440355.3175
002487,大金重工,2026-09-28 10:55:00,39.780,39.870,39.700,39.870,1097339,43647035.9443
002487,大金重工,2026-09-28 11:00:00,39.860,40.000,39.730,39.770,1607260,64154409.9164
002487,大金重工,2026-09-28 11:05:00,39.780,39.940,39.600,39.640,899446,35783846.3843
002487,大金重工,2026-09-28 11:10:00,39.650,39.660,39.410,39.460,830000,32811073.8806
002487,大金重工,2026-09-28 11:15:00,39.460,39.640,39.410,39.420,636300,25121573.7183
002487,大金重工,2026-09-28 11:20:00,39.410,39.680,39.400,39.580,405200,16024289.9971
002487,大金重工,2026-09-28 11:25:00,39.580,39.800,39.580,39.660,372600,14795562.0720
002487,大金重工,2026-09-28 11:30:00,39.660,39.780,39.580,39.760,366100,14528878.9065
002487,大金重工,2026-09-28 13:05:00,39.760,39.830,39.500,39.570,454100,18031027.4053
002487,大金重工,2026-09-28 13:10:00,39.580,39.640,39.430,39.510,390300,15433213.9961
002487,大金重工,2026-09-28 13:15:00,39.510,39.530,39.400,39.450,344825,13598973.9695
002487,大金重工,2026-09-28 13:20:00,39.450,39.450,38.910,39.000,957575,37488382.9235
002487,大金重工,2026-09-28 13:25:00,39.000,39.130,38.880,39.060,766954,29892144.5665
002487,大金重工,2026-09-28 13:30:00,39.070,39.570,39.060,39.370,453300,17832551.9597
002487,大金重工,2026-09-28 13:35:00,39.380,39.380,39.120,39.190,282900,11087613.9832
002487,大金重工,2026-09-28 13:40:00,39.190,39.380,39.050,39.180,347800,13634311.0574
002487,大金重工,2026-09-28 13:45:00,39.190,39.190,38.980,38.990,434100,16956600.9495
002487,大金重工,2026-09-28 13:50:00,38.990,39.170,38.960,39.110,449282,17553539.4012
002487,大金重工,2026-09-28 13:55:00,39.110,39.430,39.050,39.410,379950,14863931.5936
002487,大金重工,2026-09-28 14:00:00,39.430,39.480,39.220,39.480,403500,15892276.8584
002487,大金重工,2026-09-28 14:05:00,39.480,39.500,39.360,39.450,371400,14650033.1089
002487,大金重工,2026-09-28 14:10:00,39.440,39.500,39.310,39.500,394800,15570660.1072
002487,大金重工,2026-09-28 14:15:00,39.500,39.860,39.490,39.770,839741,33381390.4537
002487,大金重工,2026-09-28 14:20:00,39.780,41.520,39.770,41.090,6195785,252699800.2240
002487,大金重工,2026-09-28 14:25:00,41.090,41.700,40.800,41.260,4164713,172382655.6460
002487,大金重工,2026-09-28 14:30:00,41.260,41.510,40.750,41.280,3007188,124123509.3557
002487,大金重工,2026-09-28 14:35:00,41.290,41.290,40.850,40.920,1771212,72749648.9836
002487,大金重工,2026-09-28 14:40:00,40.920,41.220,40.920,41.040,1337986,54956163.6761
002487,大金重工,2026-09-28 14:45:00,41.040,41.040,40.880,41.010,1422214,58266319.3181
002487,大金重工,2026-09-28 14:50:00,41.010,41.350,41.000,41.340,1666250,68518180.9003
002487,大金重工,2026-09-28 14:55:00,41.340,41.370,41.120,41.300,2739333,113006059.4688
002487,大金重工,2026-09-28 15:00:00,41.290,41.390,41.280,41.380,2792960,115468752.2217
600699,均胜电子,2026-09-28 09:35:00,23.230,24.270,23.140,23.580,31991409,756928886.7187
600699,均胜电子,2026-09-28 09:40:00,23.580,23.580,23.220,23.360,10008881,234321647.4731
600699,均胜电子,2026-09-28 09:45:00,23.350,23.530,23.100,23.320,7609000,177280949.7852
600699,均胜电子,2026-09-28 09:50:00,23.330,23.550,23.200,23.230,4649700,108627250.8960
600699,均胜电子,2026-09-28 09:55:00,23.220,23.790,23.200,23.650,4329460,101853494.6430
600699,均胜电子,2026-09-28 10:00:00,23.650,23.820,23.480,23.480,4136200,97854472.7457
600699,均胜电子,2026-09-28 10:05:00,23.480,24.170,23.460,24.010,6500913,155529864.1438
600699,均胜电子,2026-09-28 10:10:00,24.010,24.130,23.830,23.930,3265300,78289074.9991
600699,均胜电子,2026-09-28 10:15:00,23.930,24.260,23.930,24.250,5503022,132963097.8072
600699,均胜电子,2026-09-28 10:20:00,24.260,24.500,24.000,24.000,5129924,124877267.4603
600699,均胜电子,2026-09-28 10:25:00,24.000,24.220,23.860,24.000,2453986,58883638.9809
600699,均胜电子,2026-09-28 10:30:00,24.000,24.080,23.880,24.000,1167100,27987021.0200
600699,均胜电子,2026-09-28 10:35:00,24.000,24.020,23.850,23.850,1129700,27025362.5616
600699,均胜电子,2026-09-28 10:40:00,23.860,23.860,23.690,23.720,1862700,44266687.8979
600699,均胜电子,2026-09-28 10:45:00,23.720,24.080,23.710,23.900,1454144,34751774.9703
600699,均胜电子,2026-09-28 10:50:00,23.900,24.000,23.850,23.890,939802,22472246.7440
600699,均胜电子,2026-09-28 10:55:00,23.880,24.040,23.850,24.000,808039,19358006.9089
600699,均胜电子,2026-09-28 11:00:00,24.010,24.010,23.790,23.790,672398,16070709.3008
600699,均胜电子,2026-09-28 11:05:00,23.790,23.880,23.400,23.410,2867500,67590817.3218
600699,均胜电子,2026-09-28 11:10:00,23.410,23.630,23.210,23.210,2210500,51758624.9482
600699,均胜电子,2026-09-28 11:15:00,23.200,23.450,23.150,23.330,1747600,40719412.8872
600699,均胜电子,2026-09-28 11:20:00,23.350,23.400,23.260,23.260,1187497,27699373.2340
600699,均胜电子,2026-09-28 11:25:00,23.280,23.630,23.280,23.590,770868,18061352.7006
600699,均胜电子,2026-09-28 11:30:00,23.590,23.630,23.410,23.450,580600,13671127.0127
600699,均胜电子,2026-09-28 13:05:00,23.470,23.600,23.390,23.440,773700,18161330.2360
600699,均胜电子,2026-09-28 13:10:00,23.450,23.450,23.250,23.280,698800,16305183.0412
600699,均胜电子,2026-09-28 13:15:00,23.280,23.540,23.270,23.490,649900,15196610.1991
600699,均胜电子,2026-09-28 13:20:00,23.490,23.510,23.350,23.380,376600,8819757.9640
600699,均胜电子,2026-09-28 13:25:00,23.380,23.380,23.290,23.300,578800,13499355.9951
600699,均胜电子,2026-09-28 13:30:00,23.300,23.480,23.290,23.470,563103,13178179.1085
600699,均胜电子,2026-09-28 13:35:00,23.460,23.490,23.390,23.400,586600,13759210.9917
600699,均胜电子,2026-09-28 13:40:00,23.410,23.500,23.380,23.380,388500,9113528.9827
600699,均胜电子,2026-09-28 13:45:00,23.380,23.410,23.300,23.400,467697,10923728.9155
600699,均胜电子,2026-09-28 13:50:00,23.400,23.500,23.390,23.500,546420,12824544.4526
600699,均胜电子,2026-09-28 13:55:00,23.500,23.930,23.500,23.710,1567936,37292267.1658
600699,均胜电子,2026-09-28 14:00:00,23.710,23.940,23.680,23.880,879165,20962321.4384
600699,均胜电子,2026-09-28 14:05:00,23.860,24.230,23.860,24.200,3174192,76386967.1738
600699,均胜电子,2026-09-28 14:10:00,24.200,24.200,23.950,23.950,1128858,27194934.4539
600699,均胜电子,2026-09-28 14:15:00,23.960,24.010,23.720,23.820,746500,17807466.5149
600699,均胜电子,2026-09-28 14:20:00,23.810,24.250,23.800,24.110,1913842,46074935.9334
600699,均胜电子,2026-09-28 14:25:00,24.110,24.160,23.880,23.880,585058,14074253.3682
600699,均胜电子,2026-09-28 14:30:00,23.890,23.980,23.840,23.900,522338,12487852.3844
600699,均胜电子,2026-09-28 14:35:00,23.900,24.030,23.900,23.930,658074,15779571.8088
600699,均胜电子,2026-09-28 14:40:00,23.920,24.000,23.880,23.990,894800,21420409.9771
600699,均胜电子,2026-09-28 14:45:00,23.990,24.000,23.980,23.980,1410300,33834825.0544
600699,均胜电子,2026-09-28 14:50:00,23.980,23.990,23.860,23.890,1266500,30302950.6078
600699,均胜电子,2026-09-28 14:55:00,23.880,24.000,23.880,23.990,2524951,60515603.9428
600699,均胜电子,2026-09-28 15:00:00,23.980,24.020,23.980,24.020,2591516,62217392.3384
601091,沈鼓集团,2026-09-28 09:35:00,25.600,26.000,24.580,25.160,20478628,516694505.3284
601091,沈鼓集团,2026-09-28 09:40:00,25.160,25.300,24.740,25.200,6162873,154355836.9499
601091,沈鼓集团,2026-09-28 09:45:00,25.190,25.210,24.930,25.040,3220252,80747896.2540
601091,沈鼓集团,2026-09-28 09:50:00,25.040,25.040,24.690,24.940,3381559,84070130.1985
601091,沈鼓集团,2026-09-28 09:55:00,24.930,24.960,24.700,24.800,2546762,63167736.5371
601091,沈鼓集团,2026-09-28 10:00:00,24.810,24.830,24.710,24.720,2351074,58238152.8896
601091,沈鼓集团,2026-09-28 10:05:00,24.720,24.730,24.310,24.470,5153011,126119351.6476
601091,沈鼓集团,2026-09-28 10:10:00,24.470,24.740,24.450,24.530,1937546,47541005.9915
601091,沈鼓集团,2026-09-28 10:15:00,24.530,24.630,24.440,24.440,1505700,36960654.0431
601091,沈鼓集团,2026-09-28 10:20:00,24.450,24.460,24.310,24.450,2966193,72225577.4107
601091,沈鼓集团,2026-09-28 10:25:00,24.460,24.520,24.320,24.330,1331400,32486113.9849
601091,沈鼓集团,2026-09-28 10:30:00,24.330,24.360,24.310,24.320,1564961,38074072.7687
601091,沈鼓集团,2026-09-28 10:35:00,24.320,24.450,24.300,24.440,4596108,111715056.6629
601091,沈鼓集团,2026-09-28 10:40:00,24.440,27.000,24.440,25.890,7005284,182136044.8801
601091,沈鼓集团,2026-09-28 10:45:00,25.900,27.940,25.670,27.300,10515298,286580939.3474
601091,沈鼓集团,2026-09-28 10:50:00,27.310,27.710,27.130,27.240,4157718,114143433.7823
601091,沈鼓集团,2026-09-28 10:55:00,27.240,27.560,27.240,27.420,2319716,63724795.5525
601091,沈鼓集团,2026-09-28 11:00:00,27.420,28.500,27.410,28.070,5156625,144699329.7422
601091,沈鼓集团,2026-09-28 11:05:00,28.080,28.670,28.060,28.290,3888533,110675727.1941
601091,沈鼓集团,2026-09-28 11:10:00,28.280,28.500,28.280,28.430,1724381,48974861.3257
601091,沈鼓集团,2026-09-28 11:15:00,28.420,28.440,27.430,28.100,1835311,51323798.2886
601091,沈鼓集团,2026-09-28 11:20:00,28.100,28.130,27.650,27.980,1039695,29056724.0524
601091,沈鼓集团,2026-09-28 11:25:00,27.970,27.970,27.670,27.680,708100,19714044.9922
601091,沈鼓集团,2026-09-28 11:30:00,27.670,28.010,27.510,27.890,846800,23525061.7998
601091,沈鼓集团,2026-09-28 13:05:00,27.880,27.980,27.550,27.550,593845,16528633.0236
601091,沈鼓集团,2026-09-28 13:10:00,27.550,27.950,27.500,27.820,634840,17613119.6190
601091,沈鼓集团,2026-09-28 13:15:00,27.820,27.860,27.630,27.820,341900,9495047.0000
601091,沈鼓集团,2026-09-28 13:20:00,27.810,27.960,27.780,27.960,496979,13845965.5202
601091,沈鼓集团,2026-09-28 13:25:00,27.950,28.490,27.950,28.060,1267937,35812629.4024
601091,沈鼓集团,2026-09-28 13:30:00,28.060,28.400,27.980,28.210,855560,24142442.2535
601091,沈鼓集团,2026-09-28 13:35:00,28.200,28.260,28.050,28.100,503300,14179909.0548
601091,沈鼓集团,2026-09-28 13:40:00,28.100,28.100,27.900,27.900,481600,13497941.0000
601091,沈鼓集团,2026-09-28 13:45:00,27.900,28.300,27.870,28.280,766692,21542228.1551
601091,沈鼓集团,2026-09-28 13:50:00,28.280,28.300,28.020,28.020,418708,11793683.9189
601091,沈鼓集团,2026-09-28 13:55:00,28.020,28.240,28.000,28.140,369079,10385761.7914
601091,沈鼓集团,2026-09-28 14:00:00,28.130,28.220,28.080,28.090,325042,9150959.2943
601091,沈鼓集团,2026-09-28 14:05:00,28.080,28.100,28.020,28.020,267270,7505799.2637
601091,沈鼓集团,2026-09-28 14:10:00,28.030,28.100,27.980,27.980,356857,10004188.5601
601091,沈鼓集团,2026-09-28 14:15:00,27.980,28.070,27.790,28.020,520113,14507708.4837
601091,沈鼓集团,2026-09-28 14:20:00,28.000,28.020,27.900,27.990,309400,8655891.2028
601091,沈鼓集团,2026-09-28 14:25:00,28.000,28.000,27.940,27.990,242881,6797155.0032
601091,沈鼓集团,2026-09-28 14:30:00,27.980,28.000,27.520,27.520,619867,17264286.8058
601091,沈鼓集团,2026-09-28 14:35:00,27.530,27.970,27.500,27.730,692942,19180205.4736
601091,沈鼓集团,2026-09-28 14:40:00,27.730,27.900,27.670,27.780,599137,16622135.2085
601091,沈鼓集团,2026-09-28 14:45:00,27.780,27.810,27.720,27.790,666010,18492208.5102
601091,沈鼓集团,2026-09-28 14:50:00,27.780,27.810,27.700,27.710,1181600,32822384.0573
601091,沈鼓集团,2026-09-28 14:55:00,27.710,27.790,27.600,27.710,1539237,42627259.5332
601091,沈鼓集团,2026-09-28 15:00:00,27.710,27.730,27.680,27.710,2396379,66394484.0285
600498,烽火通信,2026-09-28 09:35:00,40.750,40.750,38.900,38.900,7389100,292316842.2854
600498,烽火通信,2026-09-28 09:40:00,38.890,38.900,37.820,37.860,9457406,361882340.4955
600498,烽火通信,2026-09-28 09:45:00,37.860,37.880,37.550,37.660,8413400,317356902.3268
600498,烽火通信,2026-09-28 09:50:00,37.660,37.870,37.160,37.180,7073899,265046450.8194
600498,烽火通信,2026-09-28 09:55:00,37.160,37.300,37.070,37.140,4782178,177769789.2908
600498,烽火通信,2026-09-28 10:00:00,37.130,37.180,36.990,37.000,5718982,211801833.0071
600498,烽火通信,2026-09-28 10:05:00,37.000,37.050,36.970,37.040,5032106,186115485.8008
600498,烽火通信,2026-09-28 10:10:00,37.040,37.090,36.970,36.970,4430896,163924894.8711
600498,烽火通信,2026-09-28 10:15:00,36.970,37.010,36.970,36.980,3512098,129868167.0605
600498,烽火通信,2026-09-28 10:20:00,36.980,36.980,36.970,36.980,1526600,56440825.1328
600498,烽火通信,2026-09-28 10:25:00,36.980,37.000,36.970,36.970,2288018,84601150.9765
600498,烽火通信,2026-09-28 10:30:00,36.980,36.990,36.970,36.970,1075382,39761898.6147
600498,烽火通信,2026-09-28 10:35:00,36.970,36.980,36.970,36.970,674700,24944016.0046
600498,烽火通信,2026-09-28 10:40:00,36.970,36.970,36.970,36.970,298200,11024454.0156
600498,烽火通信,2026-09-28 10:45:00,36.970,36.970,36.970,36.970,332900,12307313.0781
600498,烽火通信,2026-09-28 10:50:00,36.970,36.970,36.970,36.970,386700,14296299.0483
600498,烽火通信,2026-09-28 10:55:00,36.970,36.980,36.970,36.970,1654200,61159633.1774
600498,烽火通信,2026-09-28 11:00:00,36.970,36.980,36.970,36.970,594400,21976384.0532
600498,烽火通信,2026-09-28 11:05:00,36.970,36.980,36.970,36.970,934400,34546390.1764
600498,烽火通信,2026-09-28 11:10:00,36.970,36.970,36.970,36.970,258500,9556745.0195
600498,烽火通信,2026-09-28 11:15:00,36.970,36.970,36.970,36.970,127700,4721069.0117
600498,烽火通信,2026-09-28 11:20:00,36.970,36.970,36.970,36.970,133100,4920707.0039
600498,烽火通信,2026-09-28 11:25:00,36.970,36.970,36.970,36.970,87200,3223784.0039
600498,烽火通信,2026-09-28 11:30:00,36.970,36.970,36.970,36.970,151700,5608349.0117
600498,烽火通信,2026-09-28 13:05:00,36.970,36.980,36.970,36.970,1544400,57097753.2395
600498,烽火通信,2026-09-28 13:10:00,36.970,36.980,36.970,36.970,436884,16151902.5757
600498,烽火通信,2026-09-28 13:15:00,36.970,36.980,36.970,36.970,347216,12836902.7250
600498,烽火通信,2026-09-28 13:20:00,36.970,36.970,36.970,36.970,118800,4392036.0078
600498,烽火通信,2026-09-28 13:25:00,36.970,36.970,36.970,36.970,80600,2979782.0000
600498,烽火通信,2026-09-28 13:30:00,36.970,36.970,36.970,36.970,136000,5027920.0877
600498,烽火通信,2026-09-28 13:35:00,36.970,36.970,36.970,36.970,109400,4044518.0399
600498,烽火通信,2026-09-28 13:40:00,36.970,36.970,36.970,36.970,75700,2798629.0146
600498,烽火通信,2026-09-28 13:45:00,36.970,36.970,36.970,36.970,52900,1955713.0197
600498,烽火通信,2026-09-28 13:50:00,36.970,36.970,36.970,36.970,98900,3656333.0059
600498,烽火通信,2026-09-28 13:55:00,36.970,36.970,36.970,36.970,83000,3068510.0186
600498,烽火通信,2026-09-28 14:00:00,36.970,36.970,36.970,36.970,80200,2964994.0327
600498,烽火通信,2026-09-28 14:05:00,36.970,36.970,36.970,36.970,100200,3704394.0605
600498,烽火通信,2026-09-28 14:10:00,36.970,36.970,36.970,36.970,132500,4898525.0553
600498,烽火通信,2026-09-28 14:15:00,36.970,36.970,36.970,36.970,453400,16762198.1868
600498,烽火通信,2026-09-28 14:20:00,36.970,36.970,36.970,36.970,331600,12259252.0765
600498,烽火通信,2026-09-28 14:25:00,36.970,36.970,36.970,36.970,115400,4266338.0407
600498,烽火通信,2026-09-28 14:30:00,36.970,36.970,36.970,36.970,180000,6654600.0433
600498,烽火通信,2026-09-28 14:35:00,36.970,36.970,36.970,36.970,215900,7981823.0590
600498,烽火通信,2026-09-28 14:40:00,36.970,36.970,36.970,36.970,222900,8240613.0474
600498,烽火通信,2026-09-28 14:45:00,36.970,36.970,36.970,36.970,120500,4454885.0557
600498,烽火通信,2026-09-28 14:50:00,36.970,36.970,36.970,36.970,125000,4621250.0520
600498,烽火通信,2026-09-28 14:55:00,36.970,36.970,36.970,36.970,198900,7353333.1012
600498,烽火通信,2026-09-28 15:00:00,36.970,36.970,36.970,36.970,305500,11294335.1374
